2025-03-22 22:06:49,729 - INFO - Starting automatic installment check
2025-03-22 22:06:49,729 - INFO - Notification thread started
2025-03-22 22:06:49,730 - INFO - No customer data found for notifications
2025-03-23 04:00:59,682 - INFO - Starting automatic installment check
2025-03-23 04:00:59,682 - INFO - Notification thread started
2025-03-23 04:00:59,682 - INFO - No customer data found for notifications
2025-03-23 04:03:26,430 - INFO - Starting automatic installment check
2025-03-23 04:03:26,430 - INFO - Notification thread started
2025-03-23 04:03:26,430 - INFO - No customer data found for notifications
2025-03-23 04:06:37,125 - INFO - Starting automatic installment check
2025-03-23 04:06:37,125 - INFO - Notification thread started
2025-03-23 04:06:37,125 - INFO - No customer data found for notifications
2025-03-23 04:06:50,057 - INFO - Starting automatic installment check
2025-03-23 04:06:50,057 - INFO - Notification thread started
2025-03-23 04:06:50,057 - INFO - No customer data found for notifications
2025-03-23 04:21:47,963 - INFO - The-Project.py:72 - Application starting...
2025-03-23 04:21:47,963 - INFO - The-Project.py:36 - Starting application initialization...
2025-03-23 04:21:48,200 - INFO - The-Project.py:46 - Appearance mode set successfully
2025-03-23 04:21:48,200 - INFO - The-Project.py:58 - Window centered successfully
2025-03-23 04:21:48,200 - INFO - The-Project.py:76 - Main window initialized successfully
2025-03-23 04:21:48,200 - ERROR - The-Project.py:87 - Theme setup failed: name 'StyleManager' is not defined
2025-03-23 04:21:51,682 - ERROR - The-Project.py:96 - Failed to create main container: name 'StyleManager' is not defined
2025-03-23 04:21:51,685 - CRITICAL - The-Project.py:154 - Critical error in main: name 'StyleManager' is not defined
Traceback (most recent call last):
  File "/Users/omar/Installments-Tracker-1/The-Project.py", line 92, in main
    container = StyleManager.create_frame(app)
                ^^^^^^^^^^^^
NameError: name 'StyleManager' is not defined. Did you mean: 'ThemeManager'?

2025-03-23 04:21:53,699 - CRITICAL - The-Project.py:162 - Application failed to start: name 'StyleManager' is not defined
Traceback (most recent call last):
  File "/Users/omar/Installments-Tracker-1/The-Project.py", line 160, in <module>
    main()
    ~~~~^^
  File "/Users/omar/Installments-Tracker-1/The-Project.py", line 92, in main
    container = StyleManager.create_frame(app)
                ^^^^^^^^^^^^
NameError: name 'StyleManager' is not defined. Did you mean: 'ThemeManager'?

2025-03-23 04:21:59,358 - INFO - The-Project.py:72 - Application starting...
2025-03-23 04:21:59,358 - INFO - The-Project.py:36 - Starting application initialization...
2025-03-23 04:21:59,447 - INFO - The-Project.py:46 - Appearance mode set successfully
2025-03-23 04:21:59,447 - INFO - The-Project.py:58 - Window centered successfully
2025-03-23 04:21:59,447 - INFO - The-Project.py:76 - Main window initialized successfully
2025-03-23 04:21:59,447 - ERROR - The-Project.py:87 - Theme setup failed: name 'StyleManager' is not defined
2025-03-23 04:22:02,370 - ERROR - The-Project.py:96 - Failed to create main container: name 'StyleManager' is not defined
2025-03-23 04:22:02,373 - CRITICAL - The-Project.py:154 - Critical error in main: name 'StyleManager' is not defined
Traceback (most recent call last):
  File "/Users/omar/Installments-Tracker-1/The-Project.py", line 92, in main
    container = StyleManager.create_frame(app)
NameError: name 'StyleManager' is not defined

2025-03-23 04:22:03,287 - CRITICAL - The-Project.py:162 - Application failed to start: name 'StyleManager' is not defined
Traceback (most recent call last):
  File "/Users/omar/Installments-Tracker-1/The-Project.py", line 160, in <module>
    main()
  File "/Users/omar/Installments-Tracker-1/The-Project.py", line 92, in main
    container = StyleManager.create_frame(app)
NameError: name 'StyleManager' is not defined

2025-03-23 04:22:05,271 - INFO - The-Project.py:72 - Application starting...
2025-03-23 04:22:05,271 - INFO - The-Project.py:36 - Starting application initialization...
2025-03-23 04:22:05,380 - INFO - The-Project.py:46 - Appearance mode set successfully
2025-03-23 04:22:05,381 - INFO - The-Project.py:58 - Window centered successfully
2025-03-23 04:22:05,381 - INFO - The-Project.py:76 - Main window initialized successfully
2025-03-23 04:22:05,381 - ERROR - The-Project.py:87 - Theme setup failed: name 'StyleManager' is not defined
2025-03-23 04:22:35,735 - ERROR - The-Project.py:96 - Failed to create main container: name 'StyleManager' is not defined
2025-03-23 04:22:35,739 - CRITICAL - The-Project.py:154 - Critical error in main: name 'StyleManager' is not defined
Traceback (most recent call last):
  File "/Users/omar/Installments-Tracker-1/The-Project.py", line 92, in main
    container = StyleManager.create_frame(app)
NameError: name 'StyleManager' is not defined

2025-03-23 04:22:37,118 - CRITICAL - The-Project.py:162 - Application failed to start: name 'StyleManager' is not defined
Traceback (most recent call last):
  File "/Users/omar/Installments-Tracker-1/The-Project.py", line 160, in <module>
    main()
  File "/Users/omar/Installments-Tracker-1/The-Project.py", line 92, in main
    container = StyleManager.create_frame(app)
NameError: name 'StyleManager' is not defined

2025-03-23 04:23:03,206 - INFO - The-Project.py:238 - Application starting...
2025-03-23 04:23:03,206 - INFO - The-Project.py:202 - Starting application initialization...
2025-03-23 04:23:03,336 - INFO - The-Project.py:212 - Appearance mode set successfully
2025-03-23 04:23:03,336 - INFO - The-Project.py:224 - Window centered successfully
2025-03-23 04:23:03,336 - INFO - The-Project.py:242 - Main window initialized successfully
2025-03-23 04:23:03,336 - INFO - The-Project.py:123 - Theme setup completed successfully
2025-03-23 04:23:03,336 - INFO - The-Project.py:251 - Theme setup completed
2025-03-23 04:23:03,337 - INFO - The-Project.py:260 - Main container created
2025-03-23 04:23:03,337 - INFO - The-Project.py:279 - Created frame: home
2025-03-23 04:23:03,337 - INFO - The-Project.py:279 - Created frame: add
2025-03-23 04:23:03,337 - INFO - The-Project.py:279 - Created frame: delete
2025-03-23 04:23:03,337 - INFO - The-Project.py:279 - Created frame: edit
2025-03-23 04:23:03,337 - INFO - The-Project.py:279 - Created frame: view
2025-03-23 04:23:03,338 - INFO - The-Project.py:279 - Created frame: manage_installments
2025-03-23 04:23:03,338 - INFO - The-Project.py:279 - Created frame: backup_restore
2025-03-23 04:23:03,338 - INFO - The-Project.py:279 - Created frame: send_notification
2025-03-23 04:23:03,338 - ERROR - The-Project.py:299 - Error during page setup: name 'setup_home_page' is not defined
Traceback (most recent call last):
  File "/Users/omar/Installments-Tracker-1/The-Project.py", line 286, in main
    setup_home_page()
    ^^^^^^^^^^^^^^^
NameError: name 'setup_home_page' is not defined

2025-03-23 04:23:05,848 - CRITICAL - The-Project.py:320 - Critical error in main: name 'setup_home_page' is not defined
Traceback (most recent call last):
  File "/Users/omar/Installments-Tracker-1/The-Project.py", line 286, in main
    setup_home_page()
    ^^^^^^^^^^^^^^^
NameError: name 'setup_home_page' is not defined

2025-03-23 04:23:06,748 - CRITICAL - The-Project.py:328 - Application failed to start: name 'setup_home_page' is not defined
Traceback (most recent call last):
  File "/Users/omar/Installments-Tracker-1/The-Project.py", line 326, in <module>
    main()
    ~~~~^^
  File "/Users/omar/Installments-Tracker-1/The-Project.py", line 286, in main
    setup_home_page()
    ^^^^^^^^^^^^^^^
NameError: name 'setup_home_page' is not defined

2025-03-23 04:27:43,025 - INFO - The-Project.py:238 - Application starting...
2025-03-23 04:27:43,026 - INFO - The-Project.py:202 - Starting application initialization...
2025-03-23 04:27:43,179 - INFO - The-Project.py:212 - Appearance mode set successfully
2025-03-23 04:27:43,180 - INFO - The-Project.py:224 - Window centered successfully
2025-03-23 04:27:43,180 - INFO - The-Project.py:242 - Main window initialized successfully
2025-03-23 04:27:43,180 - INFO - The-Project.py:123 - Theme setup completed successfully
2025-03-23 04:27:43,180 - INFO - The-Project.py:251 - Theme setup completed
2025-03-23 04:27:43,180 - INFO - The-Project.py:260 - Main container created
2025-03-23 04:27:43,181 - INFO - The-Project.py:279 - Created frame: home
2025-03-23 04:27:43,181 - INFO - The-Project.py:279 - Created frame: add
2025-03-23 04:27:43,181 - INFO - The-Project.py:279 - Created frame: delete
2025-03-23 04:27:43,181 - INFO - The-Project.py:279 - Created frame: edit
2025-03-23 04:27:43,181 - INFO - The-Project.py:279 - Created frame: view
2025-03-23 04:27:43,181 - INFO - The-Project.py:279 - Created frame: manage_installments
2025-03-23 04:27:43,181 - INFO - The-Project.py:279 - Created frame: backup_restore
2025-03-23 04:27:43,181 - INFO - The-Project.py:279 - Created frame: send_notification
2025-03-23 04:27:43,182 - ERROR - The-Project.py:299 - Error during page setup: name 'setup_home_page' is not defined
Traceback (most recent call last):
  File "/Users/omar/Installments-Tracker-1/The-Project.py", line 286, in main
    setup_home_page()
    ^^^^^^^^^^^^^^^
NameError: name 'setup_home_page' is not defined

2025-03-23 04:27:45,237 - CRITICAL - The-Project.py:320 - Critical error in main: name 'setup_home_page' is not defined
Traceback (most recent call last):
  File "/Users/omar/Installments-Tracker-1/The-Project.py", line 286, in main
    setup_home_page()
    ^^^^^^^^^^^^^^^
NameError: name 'setup_home_page' is not defined

2025-03-23 04:27:45,886 - CRITICAL - The-Project.py:328 - Application failed to start: name 'setup_home_page' is not defined
Traceback (most recent call last):
  File "/Users/omar/Installments-Tracker-1/The-Project.py", line 326, in <module>
    main()
    ~~~~^^
  File "/Users/omar/Installments-Tracker-1/The-Project.py", line 286, in main
    setup_home_page()
    ^^^^^^^^^^^^^^^
NameError: name 'setup_home_page' is not defined

2025-03-23 04:29:33,739 - INFO - The-Project.py:238 - Application starting...
2025-03-23 04:29:33,741 - CRITICAL - The-Project.py:241 - Critical error in main: name 'app' is not defined
Traceback (most recent call last):
  File "/Users/omar/Installments-Tracker-1/The-Project.py", line 239, in main
    app.mainloop()
    ^^^
NameError: name 'app' is not defined

2025-03-23 04:31:38,408 - INFO - The-Project.py:243 - Application starting...
2025-03-23 04:31:38,410 - CRITICAL - The-Project.py:246 - Critical error in main: 'NoneType' object has no attribute 'mainloop'
Traceback (most recent call last):
  File "/Users/omar/Installments-Tracker-1/The-Project.py", line 244, in main
    app.mainloop()
    ^^^^^^^^^^^^
AttributeError: 'NoneType' object has no attribute 'mainloop'

2025-03-23 04:31:44,899 - CRITICAL - The-Project.py:254 - Application failed to start: 'NoneType' object has no attribute 'mainloop'
Traceback (most recent call last):
  File "/Users/omar/Installments-Tracker-1/The-Project.py", line 252, in <module>
    main()
    ~~~~^^
  File "/Users/omar/Installments-Tracker-1/The-Project.py", line 244, in main
    app.mainloop()
    ^^^^^^^^^^^^
AttributeError: 'NoneType' object has no attribute 'mainloop'

2025-03-23 04:32:27,930 - INFO - The-Project.py:207 - Starting application initialization...
2025-03-23 04:32:28,082 - INFO - The-Project.py:220 - Appearance mode set successfully
2025-03-23 04:32:28,082 - INFO - The-Project.py:232 - Window centered successfully
2025-03-23 04:32:28,082 - INFO - The-Project.py:123 - Theme setup completed successfully
2025-03-23 04:32:28,082 - INFO - The-Project.py:266 - Theme setup completed
2025-03-23 04:32:28,083 - INFO - The-Project.py:289 - Created frame: home
2025-03-23 04:32:28,083 - INFO - The-Project.py:289 - Created frame: add
2025-03-23 04:32:28,084 - INFO - The-Project.py:289 - Created frame: delete
2025-03-23 04:32:28,084 - INFO - The-Project.py:289 - Created frame: edit
2025-03-23 04:32:28,084 - INFO - The-Project.py:289 - Created frame: view
2025-03-23 04:32:28,084 - INFO - The-Project.py:289 - Created frame: manage_installments
2025-03-23 04:32:28,084 - INFO - The-Project.py:289 - Created frame: backup_restore
2025-03-23 04:32:28,084 - INFO - The-Project.py:289 - Created frame: send_notification
2025-03-23 04:32:28,085 - CRITICAL - The-Project.py:309 - Application failed to start: name 'setup_home_page' is not defined
Traceback (most recent call last):
  File "/Users/omar/Installments-Tracker-1/The-Project.py", line 295, in <module>
    setup_home_page()
    ^^^^^^^^^^^^^^^
NameError: name 'setup_home_page' is not defined

2025-03-23 04:35:33,775 - INFO - The-Project.py:207 - Starting application initialization...
2025-03-23 04:35:33,931 - INFO - The-Project.py:220 - Appearance mode set successfully
2025-03-23 04:35:33,931 - INFO - The-Project.py:232 - Window centered successfully
2025-03-23 04:35:33,932 - INFO - The-Project.py:127 - Theme setup completed successfully
2025-03-23 04:35:33,932 - INFO - The-Project.py:2553 - Theme setup completed
2025-03-23 04:35:33,932 - INFO - The-Project.py:2576 - Created frame: home
2025-03-23 04:35:33,932 - INFO - The-Project.py:2576 - Created frame: add
2025-03-23 04:35:33,933 - INFO - The-Project.py:2576 - Created frame: delete
2025-03-23 04:35:33,933 - INFO - The-Project.py:2576 - Created frame: edit
2025-03-23 04:35:33,933 - INFO - The-Project.py:2576 - Created frame: view
2025-03-23 04:35:33,933 - INFO - The-Project.py:2576 - Created frame: manage_installments
2025-03-23 04:35:33,933 - INFO - The-Project.py:2576 - Created frame: backup_restore
2025-03-23 04:35:33,933 - INFO - The-Project.py:2576 - Created frame: send_notification
2025-03-23 04:35:33,954 - INFO - The-Project.py:2333 - Starting automatic installment check
2025-03-23 04:35:33,954 - INFO - The-Project.py:2463 - Notification thread started
2025-03-23 04:35:33,955 - INFO - The-Project.py:247 - Application starting...
2025-03-23 04:35:33,955 - INFO - The-Project.py:2338 - No customer data found for notifications
2025-03-23 04:36:43,597 - INFO - The-Project.py:207 - Starting application initialization...
2025-03-23 04:36:43,713 - INFO - The-Project.py:220 - Appearance mode set successfully
2025-03-23 04:36:43,713 - INFO - The-Project.py:232 - Window centered successfully
2025-03-23 04:36:43,713 - INFO - The-Project.py:127 - Theme setup completed successfully
2025-03-23 04:36:43,713 - INFO - The-Project.py:2553 - Theme setup completed
2025-03-23 04:36:43,714 - INFO - The-Project.py:2576 - Created frame: home
2025-03-23 04:36:43,714 - INFO - The-Project.py:2576 - Created frame: add
2025-03-23 04:36:43,714 - INFO - The-Project.py:2576 - Created frame: delete
2025-03-23 04:36:43,714 - INFO - The-Project.py:2576 - Created frame: edit
2025-03-23 04:36:43,714 - INFO - The-Project.py:2576 - Created frame: view
2025-03-23 04:36:43,714 - INFO - The-Project.py:2576 - Created frame: manage_installments
2025-03-23 04:36:43,715 - INFO - The-Project.py:2576 - Created frame: backup_restore
2025-03-23 04:36:43,715 - INFO - The-Project.py:2576 - Created frame: send_notification
2025-03-23 04:36:43,736 - INFO - The-Project.py:2333 - Starting automatic installment check
2025-03-23 04:36:43,736 - INFO - The-Project.py:2463 - Notification thread started
2025-03-23 04:36:43,736 - INFO - The-Project.py:247 - Application starting...
2025-03-23 04:36:43,736 - INFO - The-Project.py:2338 - No customer data found for notifications
2025-03-23 04:38:55,749 - INFO - The-Project.py:207 - Starting application initialization...
2025-03-23 04:38:55,904 - INFO - The-Project.py:220 - Appearance mode set successfully
2025-03-23 04:38:55,904 - INFO - The-Project.py:232 - Window centered successfully
2025-03-23 04:38:55,904 - INFO - The-Project.py:127 - Theme setup completed successfully
2025-03-23 04:38:55,904 - INFO - The-Project.py:2553 - Theme setup completed
2025-03-23 04:38:55,905 - INFO - The-Project.py:2576 - Created frame: home
2025-03-23 04:38:55,905 - INFO - The-Project.py:2576 - Created frame: add
2025-03-23 04:38:55,905 - INFO - The-Project.py:2576 - Created frame: delete
2025-03-23 04:38:55,905 - INFO - The-Project.py:2576 - Created frame: edit
2025-03-23 04:38:55,905 - INFO - The-Project.py:2576 - Created frame: view
2025-03-23 04:38:55,906 - INFO - The-Project.py:2576 - Created frame: manage_installments
2025-03-23 04:38:55,906 - INFO - The-Project.py:2576 - Created frame: backup_restore
2025-03-23 04:38:55,906 - INFO - The-Project.py:2576 - Created frame: send_notification
2025-03-23 04:38:55,912 - INFO - The-Project.py:2596 - setup_home_page completed successfully
2025-03-23 04:38:55,917 - INFO - The-Project.py:2596 - setup_add_page completed successfully
2025-03-23 04:38:55,920 - INFO - The-Project.py:2596 - setup_view_page completed successfully
2025-03-23 04:38:55,922 - INFO - The-Project.py:2596 - setup_manage_installments_page completed successfully
2025-03-23 04:38:55,925 - INFO - The-Project.py:2596 - setup_backup_restore_page completed successfully
2025-03-23 04:38:55,928 - INFO - The-Project.py:2596 - setup_send_notification_page completed successfully
2025-03-23 04:38:55,928 - INFO - The-Project.py:2333 - Starting automatic installment check
2025-03-23 04:38:55,928 - INFO - The-Project.py:2463 - Notification thread started
2025-03-23 04:38:55,928 - INFO - The-Project.py:247 - Application starting...
2025-03-23 04:38:55,929 - INFO - The-Project.py:2338 - No customer data found for notifications
2025-03-23 04:39:36,146 - INFO - The-Project.py:207 - Starting application initialization...
2025-03-23 04:39:36,259 - INFO - The-Project.py:220 - Appearance mode set successfully
2025-03-23 04:39:36,259 - INFO - The-Project.py:232 - Window centered successfully
2025-03-23 04:39:36,259 - INFO - The-Project.py:127 - Theme setup completed successfully
2025-03-23 04:39:36,259 - INFO - The-Project.py:2553 - Theme setup completed
2025-03-23 04:39:36,260 - INFO - The-Project.py:2576 - Created frame: home
2025-03-23 04:39:36,260 - INFO - The-Project.py:2576 - Created frame: add
2025-03-23 04:39:36,260 - INFO - The-Project.py:2576 - Created frame: delete
2025-03-23 04:39:36,260 - INFO - The-Project.py:2576 - Created frame: edit
2025-03-23 04:39:36,260 - INFO - The-Project.py:2576 - Created frame: view
2025-03-23 04:39:36,260 - INFO - The-Project.py:2576 - Created frame: manage_installments
2025-03-23 04:39:36,260 - INFO - The-Project.py:2576 - Created frame: backup_restore
2025-03-23 04:39:36,261 - INFO - The-Project.py:2576 - Created frame: send_notification
2025-03-23 04:39:36,268 - INFO - The-Project.py:2596 - setup_home_page completed successfully
2025-03-23 04:39:36,273 - INFO - The-Project.py:2596 - setup_add_page completed successfully
2025-03-23 04:39:36,278 - INFO - The-Project.py:2596 - setup_view_page completed successfully
2025-03-23 04:39:36,279 - INFO - The-Project.py:2596 - setup_manage_installments_page completed successfully
2025-03-23 04:39:36,282 - INFO - The-Project.py:2596 - setup_backup_restore_page completed successfully
2025-03-23 04:39:36,283 - INFO - The-Project.py:2596 - setup_send_notification_page completed successfully
2025-03-23 04:39:36,283 - INFO - The-Project.py:2333 - Starting automatic installment check
2025-03-23 04:39:36,283 - INFO - The-Project.py:2463 - Notification thread started
2025-03-23 04:39:36,283 - INFO - The-Project.py:247 - Application starting...
2025-03-23 04:39:36,283 - INFO - The-Project.py:2338 - No customer data found for notifications
2025-03-23 04:39:58,200 - INFO - The-Project.py:207 - Starting application initialization...
2025-03-23 04:39:58,430 - INFO - The-Project.py:220 - Appearance mode set successfully
2025-03-23 04:39:58,430 - INFO - The-Project.py:232 - Window centered successfully
2025-03-23 04:39:58,430 - INFO - The-Project.py:127 - Theme setup completed successfully
2025-03-23 04:39:58,430 - INFO - The-Project.py:2553 - Theme setup completed
2025-03-23 04:39:58,430 - INFO - The-Project.py:2576 - Created frame: home
2025-03-23 04:39:58,430 - INFO - The-Project.py:2576 - Created frame: add
2025-03-23 04:39:58,431 - INFO - The-Project.py:2576 - Created frame: delete
2025-03-23 04:39:58,431 - INFO - The-Project.py:2576 - Created frame: edit
2025-03-23 04:39:58,431 - INFO - The-Project.py:2576 - Created frame: view
2025-03-23 04:39:58,431 - INFO - The-Project.py:2576 - Created frame: manage_installments
2025-03-23 04:39:58,431 - INFO - The-Project.py:2576 - Created frame: backup_restore
2025-03-23 04:39:58,431 - INFO - The-Project.py:2576 - Created frame: send_notification
2025-03-23 04:39:58,438 - INFO - The-Project.py:2596 - setup_home_page completed successfully
2025-03-23 04:39:58,443 - INFO - The-Project.py:2596 - setup_add_page completed successfully
2025-03-23 04:39:58,448 - INFO - The-Project.py:2596 - setup_view_page completed successfully
2025-03-23 04:39:58,449 - INFO - The-Project.py:2596 - setup_manage_installments_page completed successfully
2025-03-23 04:39:58,452 - INFO - The-Project.py:2596 - setup_backup_restore_page completed successfully
2025-03-23 04:39:58,454 - INFO - The-Project.py:2596 - setup_send_notification_page completed successfully
2025-03-23 04:39:58,454 - INFO - The-Project.py:2333 - Starting automatic installment check
2025-03-23 04:39:58,454 - INFO - The-Project.py:2463 - Notification thread started
2025-03-23 04:39:58,454 - INFO - The-Project.py:247 - Application starting...
2025-03-23 04:39:58,454 - INFO - The-Project.py:2338 - No customer data found for notifications
2025-03-23 04:40:12,677 - INFO - The-Project.py:207 - Starting application initialization...
2025-03-23 04:40:12,798 - INFO - The-Project.py:220 - Appearance mode set successfully
2025-03-23 04:40:12,798 - INFO - The-Project.py:232 - Window centered successfully
2025-03-23 04:40:12,798 - INFO - The-Project.py:127 - Theme setup completed successfully
2025-03-23 04:40:12,798 - INFO - The-Project.py:2553 - Theme setup completed
2025-03-23 04:40:12,799 - INFO - The-Project.py:2576 - Created frame: home
2025-03-23 04:40:12,799 - INFO - The-Project.py:2576 - Created frame: add
2025-03-23 04:40:12,799 - INFO - The-Project.py:2576 - Created frame: delete
2025-03-23 04:40:12,799 - INFO - The-Project.py:2576 - Created frame: edit
2025-03-23 04:40:12,799 - INFO - The-Project.py:2576 - Created frame: view
2025-03-23 04:40:12,800 - INFO - The-Project.py:2576 - Created frame: manage_installments
2025-03-23 04:40:12,800 - INFO - The-Project.py:2576 - Created frame: backup_restore
2025-03-23 04:40:12,800 - INFO - The-Project.py:2576 - Created frame: send_notification
2025-03-23 04:40:12,807 - INFO - The-Project.py:2596 - setup_home_page completed successfully
2025-03-23 04:40:12,811 - INFO - The-Project.py:2596 - setup_add_page completed successfully
2025-03-23 04:40:12,816 - INFO - The-Project.py:2596 - setup_view_page completed successfully
2025-03-23 04:40:12,818 - INFO - The-Project.py:2596 - setup_manage_installments_page completed successfully
2025-03-23 04:40:12,821 - INFO - The-Project.py:2596 - setup_backup_restore_page completed successfully
2025-03-23 04:40:12,822 - INFO - The-Project.py:2596 - setup_send_notification_page completed successfully
2025-03-23 04:40:12,822 - INFO - The-Project.py:2333 - Starting automatic installment check
2025-03-23 04:40:12,822 - INFO - The-Project.py:2463 - Notification thread started
2025-03-23 04:40:12,822 - INFO - The-Project.py:247 - Application starting...
2025-03-23 04:40:12,822 - INFO - The-Project.py:2338 - No customer data found for notifications
2025-03-23 04:40:45,918 - INFO - The-Project.py:207 - Starting application initialization...
2025-03-23 04:40:46,086 - INFO - The-Project.py:220 - Appearance mode set successfully
2025-03-23 04:40:46,086 - INFO - The-Project.py:232 - Window centered successfully
2025-03-23 04:40:46,086 - INFO - The-Project.py:127 - Theme setup completed successfully
2025-03-23 04:40:46,086 - INFO - The-Project.py:2553 - Theme setup completed
2025-03-23 04:40:46,088 - INFO - The-Project.py:2576 - Created frame: home
2025-03-23 04:40:46,088 - INFO - The-Project.py:2576 - Created frame: add
2025-03-23 04:40:46,088 - INFO - The-Project.py:2576 - Created frame: delete
2025-03-23 04:40:46,088 - INFO - The-Project.py:2576 - Created frame: edit
2025-03-23 04:40:46,088 - INFO - The-Project.py:2576 - Created frame: view
2025-03-23 04:40:46,088 - INFO - The-Project.py:2576 - Created frame: manage_installments
2025-03-23 04:40:46,088 - INFO - The-Project.py:2576 - Created frame: backup_restore
2025-03-23 04:40:46,088 - INFO - The-Project.py:2576 - Created frame: send_notification
2025-03-23 04:40:46,094 - INFO - The-Project.py:2596 - setup_home_page completed successfully
2025-03-23 04:40:46,098 - INFO - The-Project.py:2596 - setup_add_page completed successfully
2025-03-23 04:40:46,101 - INFO - The-Project.py:2596 - setup_view_page completed successfully
2025-03-23 04:40:46,103 - INFO - The-Project.py:2596 - setup_manage_installments_page completed successfully
2025-03-23 04:40:46,107 - INFO - The-Project.py:2596 - setup_backup_restore_page completed successfully
2025-03-23 04:40:46,110 - INFO - The-Project.py:2596 - setup_send_notification_page completed successfully
2025-03-23 04:40:46,110 - INFO - The-Project.py:2333 - Starting automatic installment check
2025-03-23 04:40:46,110 - INFO - The-Project.py:2463 - Notification thread started
2025-03-23 04:40:46,110 - INFO - The-Project.py:247 - Application starting...
2025-03-23 04:40:46,110 - INFO - The-Project.py:2338 - No customer data found for notifications
2025-03-23 14:42:48,417 - INFO - The-Project.py:207 - Starting application initialization...
2025-03-23 14:42:48,667 - INFO - The-Project.py:220 - Appearance mode set successfully
2025-03-23 14:42:48,668 - INFO - The-Project.py:232 - Window centered successfully
2025-03-23 14:42:48,668 - INFO - The-Project.py:127 - Theme setup completed successfully
2025-03-23 14:42:48,668 - INFO - The-Project.py:2553 - Theme setup completed
2025-03-23 14:42:48,670 - INFO - The-Project.py:2576 - Created frame: home
2025-03-23 14:42:48,670 - INFO - The-Project.py:2576 - Created frame: add
2025-03-23 14:42:48,670 - INFO - The-Project.py:2576 - Created frame: delete
2025-03-23 14:42:48,671 - INFO - The-Project.py:2576 - Created frame: edit
2025-03-23 14:42:48,671 - INFO - The-Project.py:2576 - Created frame: view
2025-03-23 14:42:48,671 - INFO - The-Project.py:2576 - Created frame: manage_installments
2025-03-23 14:42:48,672 - INFO - The-Project.py:2576 - Created frame: backup_restore
2025-03-23 14:42:48,672 - INFO - The-Project.py:2576 - Created frame: send_notification
2025-03-23 14:42:48,682 - INFO - The-Project.py:2596 - setup_home_page completed successfully
2025-03-23 14:42:48,691 - INFO - The-Project.py:2596 - setup_add_page completed successfully
2025-03-23 14:42:48,699 - INFO - The-Project.py:2596 - setup_view_page completed successfully
2025-03-23 14:42:48,702 - INFO - The-Project.py:2596 - setup_manage_installments_page completed successfully
2025-03-23 14:42:48,707 - INFO - The-Project.py:2596 - setup_backup_restore_page completed successfully
2025-03-23 14:42:48,710 - INFO - The-Project.py:2596 - setup_send_notification_page completed successfully
2025-03-23 14:42:48,710 - INFO - The-Project.py:2463 - Notification thread started
2025-03-23 14:42:48,710 - INFO - The-Project.py:247 - Application starting...
2025-03-23 14:42:48,710 - INFO - The-Project.py:2333 - Starting automatic installment check
2025-03-23 14:42:48,711 - INFO - The-Project.py:2338 - No customer data found for notifications
2025-03-23 14:43:26,254 - INFO - The-Project.py:207 - Starting application initialization...
2025-03-23 14:43:26,500 - INFO - The-Project.py:220 - Appearance mode set successfully
2025-03-23 14:43:26,500 - INFO - The-Project.py:232 - Window centered successfully
2025-03-23 14:43:26,500 - INFO - The-Project.py:127 - Theme setup completed successfully
2025-03-23 14:43:26,500 - INFO - The-Project.py:2553 - Theme setup completed
2025-03-23 14:43:26,501 - INFO - The-Project.py:2576 - Created frame: home
2025-03-23 14:43:26,501 - INFO - The-Project.py:2576 - Created frame: add
2025-03-23 14:43:26,501 - INFO - The-Project.py:2576 - Created frame: delete
2025-03-23 14:43:26,501 - INFO - The-Project.py:2576 - Created frame: edit
2025-03-23 14:43:26,501 - INFO - The-Project.py:2576 - Created frame: view
2025-03-23 14:43:26,501 - INFO - The-Project.py:2576 - Created frame: manage_installments
2025-03-23 14:43:26,502 - INFO - The-Project.py:2576 - Created frame: backup_restore
2025-03-23 14:43:26,502 - INFO - The-Project.py:2576 - Created frame: send_notification
2025-03-23 14:43:26,507 - INFO - The-Project.py:2596 - setup_home_page completed successfully
2025-03-23 14:43:26,511 - INFO - The-Project.py:2596 - setup_add_page completed successfully
2025-03-23 14:43:26,515 - INFO - The-Project.py:2596 - setup_view_page completed successfully
2025-03-23 14:43:26,517 - INFO - The-Project.py:2596 - setup_manage_installments_page completed successfully
2025-03-23 14:43:26,520 - INFO - The-Project.py:2596 - setup_backup_restore_page completed successfully
2025-03-23 14:43:26,523 - INFO - The-Project.py:2596 - setup_send_notification_page completed successfully
2025-03-23 14:43:26,523 - INFO - The-Project.py:2333 - Starting automatic installment check
2025-03-23 14:43:26,523 - INFO - The-Project.py:2463 - Notification thread started
2025-03-23 14:43:26,523 - INFO - The-Project.py:247 - Application starting...
2025-03-23 14:43:26,523 - INFO - The-Project.py:2338 - No customer data found for notifications
2025-03-23 14:45:50,559 - INFO - The-Project.py:455 - Backup created: backups/backup_20250323_144550.csv
2025-03-23 14:53:40,112 - INFO - The-Project.py:304 - Starting application initialization...
2025-03-23 14:53:40,431 - INFO - The-Project.py:317 - Appearance mode set successfully
2025-03-23 14:53:40,432 - INFO - The-Project.py:329 - Window centered successfully
2025-03-23 14:53:40,432 - INFO - The-Project.py:207 - Theme setup completed successfully
2025-03-23 14:53:40,432 - INFO - The-Project.py:2414 - Theme setup completed
2025-03-23 14:53:40,433 - INFO - The-Project.py:2437 - Created frame: home
2025-03-23 14:53:40,433 - INFO - The-Project.py:2437 - Created frame: add
2025-03-23 14:53:40,433 - INFO - The-Project.py:2437 - Created frame: delete
2025-03-23 14:53:40,433 - INFO - The-Project.py:2437 - Created frame: edit
2025-03-23 14:53:40,433 - INFO - The-Project.py:2437 - Created frame: view
2025-03-23 14:53:40,433 - INFO - The-Project.py:2437 - Created frame: manage_installments
2025-03-23 14:53:40,433 - INFO - The-Project.py:2437 - Created frame: backup_restore
2025-03-23 14:53:40,433 - INFO - The-Project.py:2437 - Created frame: send_notification
2025-03-23 14:53:40,439 - INFO - The-Project.py:2457 - setup_home_page completed successfully
2025-03-23 14:53:40,439 - ERROR - The-Project.py:271 - Error creating label: 'title'
2025-03-23 14:53:40,439 - ERROR - The-Project.py:2459 - Error in setup_add_page: 'title'
2025-03-23 14:53:40,440 - CRITICAL - The-Project.py:2469 - Application failed to start: 'title'
Traceback (most recent call last):
  File "/Users/omar/Installments-Tracker-1/The-Project.py", line 2456, in <module>
    func()
    ~~~~^^
  File "/Users/omar/Installments-Tracker-1/The-Project.py", line 896, in setup_add_page
    title = StyleManager.create_label(form_container, "إضافة عميل جديد", "title")
            ~~~~~~~~~~~~~~~~~~~~~~~~~^^^^^^^^^^^^^^^^^^^^^^^^^^^^^^^^^^^^^^^^^^^^
  File "/Users/omar/Installments-Tracker-1/The-Project.py", line 263, in create_label
    kwargs['font'] = cls.FONTS[font_style]
                     ~~~~~~~~~^^^^^^^^^^^^
KeyError: 'title'

2025-03-23 14:55:53,307 - INFO - The-Project.py:304 - Starting application initialization...
2025-03-23 14:55:53,507 - INFO - The-Project.py:317 - Appearance mode set successfully
2025-03-23 14:55:53,507 - INFO - The-Project.py:329 - Window centered successfully
2025-03-23 14:55:53,507 - INFO - The-Project.py:207 - Theme setup completed successfully
2025-03-23 14:55:53,507 - INFO - The-Project.py:2414 - Theme setup completed
2025-03-23 14:55:53,508 - INFO - The-Project.py:2437 - Created frame: home
2025-03-23 14:55:53,508 - INFO - The-Project.py:2437 - Created frame: add
2025-03-23 14:55:53,508 - INFO - The-Project.py:2437 - Created frame: delete
2025-03-23 14:55:53,508 - INFO - The-Project.py:2437 - Created frame: edit
2025-03-23 14:55:53,508 - INFO - The-Project.py:2437 - Created frame: view
2025-03-23 14:55:53,508 - INFO - The-Project.py:2437 - Created frame: manage_installments
2025-03-23 14:55:53,509 - INFO - The-Project.py:2437 - Created frame: backup_restore
2025-03-23 14:55:53,509 - INFO - The-Project.py:2437 - Created frame: send_notification
2025-03-23 14:55:53,514 - INFO - The-Project.py:2457 - setup_home_page completed successfully
2025-03-23 14:55:53,514 - ERROR - The-Project.py:271 - Error creating label: 'label'
2025-03-23 14:55:53,514 - ERROR - The-Project.py:2459 - Error in setup_add_page: 'label'
2025-03-23 14:55:53,515 - CRITICAL - The-Project.py:2469 - Application failed to start: 'label'
Traceback (most recent call last):
  File "/Users/omar/Installments-Tracker-1/The-Project.py", line 2456, in <module>
    func()
    ~~~~^^
  File "/Users/omar/Installments-Tracker-1/The-Project.py", line 913, in setup_add_page
    StyleManager.create_label(form_container, label, "label").grid(row=i*2-1, column=0, sticky="w", pady=(10, 0))
    ~~~~~~~~~~~~~~~~~~~~~~~~~^^^^^^^^^^^^^^^^^^^^^^^^^^^^^^^^
  File "/Users/omar/Installments-Tracker-1/The-Project.py", line 263, in create_label
    kwargs['font'] = cls.FONTS[font_style]
                     ~~~~~~~~~^^^^^^^^^^^^
KeyError: 'label'

2025-03-23 14:56:50,975 - INFO - The-Project.py:304 - Starting application initialization...
2025-03-23 14:56:51,175 - INFO - The-Project.py:317 - Appearance mode set successfully
2025-03-23 14:56:51,175 - INFO - The-Project.py:329 - Window centered successfully
2025-03-23 14:56:51,175 - INFO - The-Project.py:207 - Theme setup completed successfully
2025-03-23 14:56:51,175 - INFO - The-Project.py:2414 - Theme setup completed
2025-03-23 14:56:51,176 - INFO - The-Project.py:2437 - Created frame: home
2025-03-23 14:56:51,176 - INFO - The-Project.py:2437 - Created frame: add
2025-03-23 14:56:51,176 - INFO - The-Project.py:2437 - Created frame: delete
2025-03-23 14:56:51,177 - INFO - The-Project.py:2437 - Created frame: edit
2025-03-23 14:56:51,177 - INFO - The-Project.py:2437 - Created frame: view
2025-03-23 14:56:51,177 - INFO - The-Project.py:2437 - Created frame: manage_installments
2025-03-23 14:56:51,177 - INFO - The-Project.py:2437 - Created frame: backup_restore
2025-03-23 14:56:51,177 - INFO - The-Project.py:2437 - Created frame: send_notification
2025-03-23 14:56:51,182 - INFO - The-Project.py:2457 - setup_home_page completed successfully
2025-03-23 14:56:51,200 - ERROR - The-Project.py:2459 - Error in setup_add_page: ['hover_border_color'] are not supported arguments. Look at the documentation for supported arguments.
2025-03-23 14:56:51,202 - CRITICAL - The-Project.py:2469 - Application failed to start: ['hover_border_color'] are not supported arguments. Look at the documentation for supported arguments.
Traceback (most recent call last):
  File "/Users/omar/Installments-Tracker-1/The-Project.py", line 2456, in <module>
    func()
    ~~~~^^
  File "/Users/omar/Installments-Tracker-1/The-Project.py", line 947, in setup_add_page
    upload_button = StyleManager.create_button(
        file_frame,
    ...<3 lines>...
        height=40
    )
  File "/Users/omar/Installments-Tracker-1/The-Project.py", line 237, in create_button
    button = CTkButton(
        parent,
    ...<12 lines>...
        hover_border_color=cls.COLORS["secondary"]  # Border changes color on hover instead
    )
  File "/Library/Frameworks/Python.framework/Versions/3.13/lib/python3.13/site-packages/customtkinter/windows/widgets/ctk_button.py", line 52, in __init__
    super().__init__(master=master, bg_color=bg_color, width=width, height=height, **kwargs)
    ~~~~~~~~~~~~~~~~^^^^^^^^^^^^^^^^^^^^^^^^^^^^^^^^^^^^^^^^^^^^^^^^^^^^^^^^^^^^^^^^^^^^^^^^
  File "/Library/Frameworks/Python.framework/Versions/3.13/lib/python3.13/site-packages/customtkinter/windows/widgets/core_widget_classes/ctk_base_class.py", line 46, in __init__
    check_kwargs_empty(kwargs, raise_error=True)
    ~~~~~~~~~~~~~~~~~~^^^^^^^^^^^^^^^^^^^^^^^^^^
  File "/Library/Frameworks/Python.framework/Versions/3.13/lib/python3.13/site-packages/customtkinter/windows/widgets/utility/utility_functions.py", line 18, in check_kwargs_empty
    raise ValueError(f"{list(kwargs_dict.keys())} are not supported arguments. Look at the documentation for supported arguments.")
ValueError: ['hover_border_color'] are not supported arguments. Look at the documentation for supported arguments.

2025-03-23 14:58:16,447 - INFO - The-Project.py:305 - Starting application initialization...
2025-03-23 14:58:16,605 - INFO - The-Project.py:318 - Appearance mode set successfully
2025-03-23 14:58:16,605 - INFO - The-Project.py:330 - Window centered successfully
2025-03-23 14:58:16,605 - INFO - The-Project.py:207 - Theme setup completed successfully
2025-03-23 14:58:16,605 - INFO - The-Project.py:2415 - Theme setup completed
2025-03-23 14:58:16,606 - INFO - The-Project.py:2438 - Created frame: home
2025-03-23 14:58:16,606 - INFO - The-Project.py:2438 - Created frame: add
2025-03-23 14:58:16,606 - INFO - The-Project.py:2438 - Created frame: delete
2025-03-23 14:58:16,606 - INFO - The-Project.py:2438 - Created frame: edit
2025-03-23 14:58:16,606 - INFO - The-Project.py:2438 - Created frame: view
2025-03-23 14:58:16,607 - INFO - The-Project.py:2438 - Created frame: manage_installments
2025-03-23 14:58:16,607 - INFO - The-Project.py:2438 - Created frame: backup_restore
2025-03-23 14:58:16,607 - INFO - The-Project.py:2438 - Created frame: send_notification
2025-03-23 14:58:16,612 - INFO - The-Project.py:2458 - setup_home_page completed successfully
2025-03-23 14:58:16,632 - INFO - The-Project.py:2458 - setup_add_page completed successfully
2025-03-23 14:58:16,634 - ERROR - The-Project.py:2460 - Error in setup_view_page: 'CSVManager' object has no attribute 'read_data'
2025-03-23 14:58:16,635 - CRITICAL - The-Project.py:2470 - Application failed to start: 'CSVManager' object has no attribute 'read_data'
Traceback (most recent call last):
  File "/Users/omar/Installments-Tracker-1/The-Project.py", line 2457, in <module>
    func()
    ~~~~^^
  File "/Users/omar/Installments-Tracker-1/The-Project.py", line 1134, in setup_view_page
    refresh_treeview(tree)
    ~~~~~~~~~~~~~~~~^^^^^^
  File "/Users/omar/Installments-Tracker-1/The-Project.py", line 368, in refresh_treeview
    data = csv_manager.read_data()
           ^^^^^^^^^^^^^^^^^^^^^
AttributeError: 'CSVManager' object has no attribute 'read_data'

2025-03-23 15:03:23,198 - INFO - The-Project.py:305 - Starting application initialization...
2025-03-23 15:03:23,493 - INFO - The-Project.py:318 - Appearance mode set successfully
2025-03-23 15:03:23,494 - INFO - The-Project.py:330 - Window centered successfully
2025-03-23 15:03:23,494 - INFO - The-Project.py:207 - Theme setup completed successfully
2025-03-23 15:03:23,494 - INFO - The-Project.py:2415 - Theme setup completed
2025-03-23 15:03:23,495 - INFO - The-Project.py:2438 - Created frame: home
2025-03-23 15:03:23,495 - INFO - The-Project.py:2438 - Created frame: add
2025-03-23 15:03:23,495 - INFO - The-Project.py:2438 - Created frame: delete
2025-03-23 15:03:23,495 - INFO - The-Project.py:2438 - Created frame: edit
2025-03-23 15:03:23,496 - INFO - The-Project.py:2438 - Created frame: view
2025-03-23 15:03:23,496 - INFO - The-Project.py:2438 - Created frame: manage_installments
2025-03-23 15:03:23,496 - INFO - The-Project.py:2438 - Created frame: backup_restore
2025-03-23 15:03:23,496 - INFO - The-Project.py:2438 - Created frame: send_notification
2025-03-23 15:03:23,502 - INFO - The-Project.py:2458 - setup_home_page completed successfully
2025-03-23 15:03:23,521 - INFO - The-Project.py:2458 - setup_add_page completed successfully
2025-03-23 15:03:23,523 - ERROR - The-Project.py:111 - Error reading customers: 'Files'
2025-03-23 15:03:23,525 - ERROR - The-Project.py:2460 - Error in setup_view_page: StyleManager.create_button() got an unexpected keyword argument 'style'
2025-03-23 15:03:23,526 - CRITICAL - The-Project.py:2470 - Application failed to start: StyleManager.create_button() got an unexpected keyword argument 'style'
Traceback (most recent call last):
  File "/Users/omar/Installments-Tracker-1/The-Project.py", line 2457, in <module>
    func()
    ~~~~^^
  File "/Users/omar/Installments-Tracker-1/The-Project.py", line 1395, in setup_view_page
    StyleManager.create_button(
    ~~~~~~~~~~~~~~~~~~~~~~~~~~^
        buttons_frame,
        ^^^^^^^^^^^^^^
    ...<3 lines>...
        command=delete_customer
        ^^^^^^^^^^^^^^^^^^^^^^^
    ).grid(row=0, column=4, padx=10, pady=10)
    ^
TypeError: StyleManager.create_button() got an unexpected keyword argument 'style'

2025-03-23 15:04:14,359 - INFO - The-Project.py:321 - Starting application initialization...
2025-03-23 15:04:14,522 - INFO - The-Project.py:334 - Appearance mode set successfully
2025-03-23 15:04:14,522 - INFO - The-Project.py:346 - Window centered successfully
2025-03-23 15:04:14,522 - INFO - The-Project.py:213 - Theme setup completed successfully
2025-03-23 15:04:14,522 - INFO - The-Project.py:2431 - Theme setup completed
2025-03-23 15:04:14,523 - INFO - The-Project.py:2454 - Created frame: home
2025-03-23 15:04:14,523 - INFO - The-Project.py:2454 - Created frame: add
2025-03-23 15:04:14,523 - INFO - The-Project.py:2454 - Created frame: delete
2025-03-23 15:04:14,523 - INFO - The-Project.py:2454 - Created frame: edit
2025-03-23 15:04:14,523 - INFO - The-Project.py:2454 - Created frame: view
2025-03-23 15:04:14,523 - INFO - The-Project.py:2454 - Created frame: manage_installments
2025-03-23 15:04:14,523 - INFO - The-Project.py:2454 - Created frame: backup_restore
2025-03-23 15:04:14,524 - INFO - The-Project.py:2454 - Created frame: send_notification
2025-03-23 15:04:14,529 - INFO - The-Project.py:2474 - setup_home_page completed successfully
2025-03-23 15:04:14,550 - INFO - The-Project.py:2474 - setup_add_page completed successfully
2025-03-23 15:04:14,552 - ERROR - The-Project.py:117 - Error reading customers: 'Files'
2025-03-23 15:04:14,554 - ERROR - The-Project.py:2476 - Error in setup_view_page: transparency is not allowed for this attribute
2025-03-23 15:04:14,556 - CRITICAL - The-Project.py:2486 - Application failed to start: transparency is not allowed for this attribute
Traceback (most recent call last):
  File "/Users/omar/Installments-Tracker-1/The-Project.py", line 2473, in <module>
    func()
    ~~~~^^
  File "/Users/omar/Installments-Tracker-1/The-Project.py", line 1420, in setup_view_page
    StyleManager.create_button(
    ~~~~~~~~~~~~~~~~~~~~~~~~~~^
        buttons_frame,
        ^^^^^^^^^^^^^^
    ...<3 lines>...
        command=lambda: show_frame(frames["home"])
        ^^^^^^^^^^^^^^^^^^^^^^^^^^^^^^^^^^^^^^^^^^
    ).grid(row=1, column=2, padx=10, pady=10, columnspan=1)
    ^
  File "/Users/omar/Installments-Tracker-1/The-Project.py", line 255, in create_button
    button = CTkButton(
        parent,
    ...<11 lines>...
        border_color=fg_color  # Border color matches button color
    )
  File "/Library/Frameworks/Python.framework/Versions/3.13/lib/python3.13/site-packages/customtkinter/windows/widgets/ctk_button.py", line 63, in __init__
    self._border_color: Union[str, Tuple[str, str]] = ThemeManager.theme["CTkButton"]["border_color"] if border_color is None else self._check_color_type(border_color)
                                                                                                                                   ~~~~~~~~~~~~~~~~~~~~~~^^^^^^^^^^^^^^
  File "/Library/Frameworks/Python.framework/Versions/3.13/lib/python3.13/site-packages/customtkinter/windows/widgets/appearance_mode/appearance_mode_base_class.py", line 55, in _check_color_type
    raise ValueError(f"transparency is not allowed for this attribute")
ValueError: transparency is not allowed for this attribute

2025-03-23 15:07:23,475 - INFO - The-Project.py:336 - Starting application initialization...
2025-03-23 15:07:23,645 - INFO - The-Project.py:349 - Appearance mode set successfully
2025-03-23 15:07:23,645 - INFO - The-Project.py:361 - Window centered successfully
2025-03-23 15:07:23,646 - INFO - The-Project.py:213 - Theme setup completed successfully
2025-03-23 15:07:23,646 - INFO - The-Project.py:2446 - Theme setup completed
2025-03-23 15:07:23,646 - INFO - The-Project.py:2469 - Created frame: home
2025-03-23 15:07:23,646 - INFO - The-Project.py:2469 - Created frame: add
2025-03-23 15:07:23,647 - INFO - The-Project.py:2469 - Created frame: delete
2025-03-23 15:07:23,647 - INFO - The-Project.py:2469 - Created frame: edit
2025-03-23 15:07:23,647 - INFO - The-Project.py:2469 - Created frame: view
2025-03-23 15:07:23,647 - INFO - The-Project.py:2469 - Created frame: manage_installments
2025-03-23 15:07:23,647 - INFO - The-Project.py:2469 - Created frame: backup_restore
2025-03-23 15:07:23,647 - INFO - The-Project.py:2469 - Created frame: send_notification
2025-03-23 15:07:23,653 - INFO - The-Project.py:2489 - setup_home_page completed successfully
2025-03-23 15:07:23,671 - INFO - The-Project.py:2489 - setup_add_page completed successfully
2025-03-23 15:07:23,673 - ERROR - The-Project.py:117 - Error reading customers: 'Files'
2025-03-23 15:07:23,675 - INFO - The-Project.py:2489 - setup_view_page completed successfully
2025-03-23 15:07:23,676 - ERROR - The-Project.py:1567 - Error loading installments data: 'CSVManager' object has no attribute 'read_data'
2025-03-23 15:07:26,350 - INFO - The-Project.py:2489 - setup_manage_installments_page completed successfully
2025-03-23 15:07:26,361 - INFO - The-Project.py:2489 - setup_backup_restore_page completed successfully
2025-03-23 15:07:26,362 - ERROR - The-Project.py:117 - Error reading customers: 'Files'
2025-03-23 15:07:26,364 - INFO - The-Project.py:2489 - setup_send_notification_page completed successfully
2025-03-23 15:07:26,365 - INFO - The-Project.py:2226 - Starting automatic installment check
2025-03-23 15:07:26,365 - INFO - The-Project.py:2356 - Notification thread started
2025-03-23 15:07:26,365 - ERROR - The-Project.py:2347 - Error in automatic notification check: 'CSVManager' object has no attribute 'read_data'
2025-03-23 15:07:26,365 - INFO - The-Project.py:376 - Application starting...
2025-03-23 15:08:09,265 - INFO - The-Project.py:336 - Starting application initialization...
2025-03-23 15:08:09,448 - INFO - The-Project.py:349 - Appearance mode set successfully
2025-03-23 15:08:09,448 - INFO - The-Project.py:361 - Window centered successfully
2025-03-23 15:08:09,449 - INFO - The-Project.py:213 - Theme setup completed successfully
2025-03-23 15:08:09,449 - INFO - The-Project.py:2446 - Theme setup completed
2025-03-23 15:08:09,450 - INFO - The-Project.py:2469 - Created frame: home
2025-03-23 15:08:09,450 - INFO - The-Project.py:2469 - Created frame: add
2025-03-23 15:08:09,450 - INFO - The-Project.py:2469 - Created frame: delete
2025-03-23 15:08:09,450 - INFO - The-Project.py:2469 - Created frame: edit
2025-03-23 15:08:09,450 - INFO - The-Project.py:2469 - Created frame: view
2025-03-23 15:08:09,450 - INFO - The-Project.py:2469 - Created frame: manage_installments
2025-03-23 15:08:09,450 - INFO - The-Project.py:2469 - Created frame: backup_restore
2025-03-23 15:08:09,450 - INFO - The-Project.py:2469 - Created frame: send_notification
2025-03-23 15:08:09,456 - INFO - The-Project.py:2489 - setup_home_page completed successfully
2025-03-23 15:08:09,478 - INFO - The-Project.py:2489 - setup_add_page completed successfully
2025-03-23 15:08:09,482 - INFO - The-Project.py:2489 - setup_view_page completed successfully
2025-03-23 15:08:09,483 - ERROR - The-Project.py:1567 - Error loading installments data: 'Installment Dates'
2025-03-23 15:08:13,784 - INFO - The-Project.py:2489 - setup_manage_installments_page completed successfully
2025-03-23 15:08:13,800 - INFO - The-Project.py:2489 - setup_backup_restore_page completed successfully
2025-03-23 15:08:13,803 - ERROR - The-Project.py:2491 - Error in setup_send_notification_page: 'Installment Dates'
2025-03-23 15:08:13,804 - CRITICAL - The-Project.py:2501 - Application failed to start: 'Installment Dates'
Traceback (most recent call last):
  File "/Users/omar/Installments-Tracker-1/The-Project.py", line 2488, in <module>
    func()
    ~~~~^^
  File "/Users/omar/Installments-Tracker-1/The-Project.py", line 1963, in setup_send_notification_page
    load_data()
    ~~~~~~~~~^^
  File "/Users/omar/Installments-Tracker-1/The-Project.py", line 1941, in load_data
    installment_dates = customer["Installment Dates"].split(";")
                        ~~~~~~~~^^^^^^^^^^^^^^^^^^^^^
KeyError: 'Installment Dates'

2025-03-23 15:09:25,607 - INFO - The-Project.py:336 - Starting application initialization...
2025-03-23 15:09:25,785 - INFO - The-Project.py:349 - Appearance mode set successfully
2025-03-23 15:09:25,785 - INFO - The-Project.py:361 - Window centered successfully
2025-03-23 15:09:25,786 - INFO - The-Project.py:213 - Theme setup completed successfully
2025-03-23 15:09:25,786 - INFO - The-Project.py:2446 - Theme setup completed
2025-03-23 15:09:25,786 - INFO - The-Project.py:2469 - Created frame: home
2025-03-23 15:09:25,787 - INFO - The-Project.py:2469 - Created frame: add
2025-03-23 15:09:25,787 - INFO - The-Project.py:2469 - Created frame: delete
2025-03-23 15:09:25,787 - INFO - The-Project.py:2469 - Created frame: edit
2025-03-23 15:09:25,787 - INFO - The-Project.py:2469 - Created frame: view
2025-03-23 15:09:25,787 - INFO - The-Project.py:2469 - Created frame: manage_installments
2025-03-23 15:09:25,787 - INFO - The-Project.py:2469 - Created frame: backup_restore
2025-03-23 15:09:25,787 - INFO - The-Project.py:2469 - Created frame: send_notification
2025-03-23 15:09:25,792 - INFO - The-Project.py:2489 - setup_home_page completed successfully
2025-03-23 15:09:25,816 - INFO - The-Project.py:2489 - setup_add_page completed successfully
2025-03-23 15:09:25,819 - INFO - The-Project.py:2489 - setup_view_page completed successfully
2025-03-23 15:09:25,821 - ERROR - The-Project.py:1567 - Error loading installments data: 'Installment Value'
2025-03-23 15:09:27,901 - INFO - The-Project.py:2489 - setup_manage_installments_page completed successfully
2025-03-23 15:09:27,918 - INFO - The-Project.py:2489 - setup_backup_restore_page completed successfully
2025-03-23 15:09:27,920 - ERROR - The-Project.py:2491 - Error in setup_send_notification_page: 'Notification Sent'
2025-03-23 15:09:27,923 - CRITICAL - The-Project.py:2501 - Application failed to start: 'Notification Sent'
Traceback (most recent call last):
  File "/Users/omar/Installments-Tracker-1/The-Project.py", line 2488, in <module>
    func()
    ~~~~^^
  File "/Users/omar/Installments-Tracker-1/The-Project.py", line 1963, in setup_send_notification_page
    load_data()
    ~~~~~~~~~^^
  File "/Users/omar/Installments-Tracker-1/The-Project.py", line 1946, in load_data
    notification_sent = "نعم" if customer["Notification Sent"] else "لا"
                                 ~~~~~~~~^^^^^^^^^^^^^^^^^^^^^
KeyError: 'Notification Sent'

2025-03-23 15:17:22,449 - INFO - The-Project.py:336 - Starting application initialization...
2025-03-23 15:17:22,666 - INFO - The-Project.py:349 - Appearance mode set successfully
2025-03-23 15:17:22,666 - INFO - The-Project.py:361 - Window centered successfully
2025-03-23 15:17:22,666 - INFO - The-Project.py:213 - Theme setup completed successfully
2025-03-23 15:17:22,666 - INFO - The-Project.py:2446 - Theme setup completed
2025-03-23 15:17:22,667 - INFO - The-Project.py:2469 - Created frame: home
2025-03-23 15:17:22,668 - INFO - The-Project.py:2469 - Created frame: add
2025-03-23 15:17:22,668 - INFO - The-Project.py:2469 - Created frame: delete
2025-03-23 15:17:22,668 - INFO - The-Project.py:2469 - Created frame: edit
2025-03-23 15:17:22,668 - INFO - The-Project.py:2469 - Created frame: view
2025-03-23 15:17:22,668 - INFO - The-Project.py:2469 - Created frame: manage_installments
2025-03-23 15:17:22,668 - INFO - The-Project.py:2469 - Created frame: backup_restore
2025-03-23 15:17:22,668 - INFO - The-Project.py:2469 - Created frame: send_notification
2025-03-23 15:17:22,674 - INFO - The-Project.py:2489 - setup_home_page completed successfully
2025-03-23 15:17:22,693 - INFO - The-Project.py:2489 - setup_add_page completed successfully
2025-03-23 15:17:22,696 - INFO - The-Project.py:2489 - setup_view_page completed successfully
2025-03-23 15:17:22,698 - ERROR - The-Project.py:1567 - Error loading installments data: 'Installment Value'
2025-03-23 15:17:26,022 - INFO - The-Project.py:2489 - setup_manage_installments_page completed successfully
2025-03-23 15:17:26,039 - INFO - The-Project.py:2489 - setup_backup_restore_page completed successfully
2025-03-23 15:17:26,042 - ERROR - The-Project.py:2491 - Error in setup_send_notification_page: 'Installment Value'
2025-03-23 15:17:26,043 - CRITICAL - The-Project.py:2501 - Application failed to start: 'Installment Value'
Traceback (most recent call last):
  File "/Users/omar/Installments-Tracker-1/The-Project.py", line 2488, in <module>
    func()
    ~~~~^^
  File "/Users/omar/Installments-Tracker-1/The-Project.py", line 1963, in setup_send_notification_page
    load_data()
    ~~~~~~~~~^^
  File "/Users/omar/Installments-Tracker-1/The-Project.py", line 1951, in load_data
    customer["Installment Value"],
    ~~~~~~~~^^^^^^^^^^^^^^^^^^^^^
KeyError: 'Installment Value'

2025-03-23 15:21:41,948 - INFO - The-Project.py:336 - Starting application initialization...
2025-03-23 15:21:42,128 - INFO - The-Project.py:349 - Appearance mode set successfully
2025-03-23 15:21:42,128 - INFO - The-Project.py:361 - Window centered successfully
2025-03-23 15:21:42,129 - INFO - The-Project.py:213 - Theme setup completed successfully
2025-03-23 15:21:42,129 - INFO - The-Project.py:2446 - Theme setup completed
2025-03-23 15:21:42,129 - INFO - The-Project.py:2469 - Created frame: home
2025-03-23 15:21:42,130 - INFO - The-Project.py:2469 - Created frame: add
2025-03-23 15:21:42,130 - INFO - The-Project.py:2469 - Created frame: delete
2025-03-23 15:21:42,130 - INFO - The-Project.py:2469 - Created frame: edit
2025-03-23 15:21:42,130 - INFO - The-Project.py:2469 - Created frame: view
2025-03-23 15:21:42,130 - INFO - The-Project.py:2469 - Created frame: manage_installments
2025-03-23 15:21:42,130 - INFO - The-Project.py:2469 - Created frame: backup_restore
2025-03-23 15:21:42,130 - INFO - The-Project.py:2469 - Created frame: send_notification
2025-03-23 15:21:42,136 - INFO - The-Project.py:2489 - setup_home_page completed successfully
2025-03-23 15:21:42,159 - INFO - The-Project.py:2489 - setup_add_page completed successfully
2025-03-23 15:21:42,163 - INFO - The-Project.py:2489 - setup_view_page completed successfully
2025-03-23 15:21:42,166 - INFO - The-Project.py:2489 - setup_manage_installments_page completed successfully
2025-03-23 15:21:42,170 - INFO - The-Project.py:2489 - setup_backup_restore_page completed successfully
2025-03-23 15:21:42,172 - INFO - The-Project.py:2489 - setup_send_notification_page completed successfully
2025-03-23 15:21:42,172 - INFO - The-Project.py:2226 - Starting automatic installment check
2025-03-23 15:21:42,173 - INFO - The-Project.py:2356 - Notification thread started
2025-03-23 15:21:42,173 - INFO - The-Project.py:376 - Application starting...
2025-03-23 15:21:42,173 - INFO - The-Project.py:2244 - Checking notifications for 1 customers
2025-03-23 15:21:42,173 - INFO - The-Project.py:2344 - Notification check completed. Success: 0, Failed: 0, Skipped: 0
2025-03-23 16:10:40,408 - INFO - The-Project.py:379 - Starting application initialization...
2025-03-23 16:10:40,765 - INFO - The-Project.py:392 - Appearance mode set successfully
2025-03-23 16:10:40,765 - INFO - The-Project.py:404 - Window centered successfully
2025-03-23 16:10:40,765 - INFO - The-Project.py:240 - Theme setup completed successfully
2025-03-23 16:10:40,765 - INFO - The-Project.py:2563 - Theme setup completed
2025-03-23 16:10:40,767 - INFO - The-Project.py:2586 - Created frame: home
2025-03-23 16:10:40,767 - INFO - The-Project.py:2586 - Created frame: add
2025-03-23 16:10:40,767 - INFO - The-Project.py:2586 - Created frame: delete
2025-03-23 16:10:40,767 - INFO - The-Project.py:2586 - Created frame: edit
2025-03-23 16:10:40,767 - INFO - The-Project.py:2586 - Created frame: view
2025-03-23 16:10:40,767 - INFO - The-Project.py:2586 - Created frame: manage_installments
2025-03-23 16:10:40,768 - INFO - The-Project.py:2586 - Created frame: backup_restore
2025-03-23 16:10:40,768 - INFO - The-Project.py:2586 - Created frame: send_notification
2025-03-23 16:10:40,772 - ERROR - The-Project.py:257 - Error creating frame: customtkinter.windows.widgets.ctk_frame.CTkFrame() got multiple values for keyword argument 'fg_color'
2025-03-23 16:10:40,772 - ERROR - The-Project.py:2608 - Error in setup_home_page: customtkinter.windows.widgets.ctk_frame.CTkFrame() got multiple values for keyword argument 'fg_color'
2025-03-23 16:10:40,773 - CRITICAL - The-Project.py:2618 - Application failed to start: customtkinter.windows.widgets.ctk_frame.CTkFrame() got multiple values for keyword argument 'fg_color'
Traceback (most recent call last):
  File "/Users/omar/Installments-Tracker-1/The-Project.py", line 2605, in <module>
    func()
    ~~~~^^
  File "/Users/omar/Installments-Tracker-1/The-Project.py", line 2493, in setup_home_page
    card_frame = StyleManager.create_frame(frame, fg_color="transparent")
  File "/Users/omar/Installments-Tracker-1/The-Project.py", line 249, in create_frame
    return CTkFrame(
        master,
    ...<3 lines>...
        **kwargs
    )
TypeError: customtkinter.windows.widgets.ctk_frame.CTkFrame() got multiple values for keyword argument 'fg_color'

2025-03-23 16:14:26,626 - INFO - The-Project.py:386 - Starting application initialization...
2025-03-23 16:14:26,890 - INFO - The-Project.py:399 - Appearance mode set successfully
2025-03-23 16:14:26,891 - INFO - The-Project.py:411 - Window centered successfully
2025-03-23 16:14:26,891 - INFO - The-Project.py:240 - Theme setup completed successfully
2025-03-23 16:14:26,891 - INFO - The-Project.py:2570 - Theme setup completed
2025-03-23 16:14:26,892 - INFO - The-Project.py:2593 - Created frame: home
2025-03-23 16:14:26,892 - INFO - The-Project.py:2593 - Created frame: add
2025-03-23 16:14:26,892 - INFO - The-Project.py:2593 - Created frame: delete
2025-03-23 16:14:26,892 - INFO - The-Project.py:2593 - Created frame: edit
2025-03-23 16:14:26,893 - INFO - The-Project.py:2593 - Created frame: view
2025-03-23 16:14:26,893 - INFO - The-Project.py:2593 - Created frame: manage_installments
2025-03-23 16:14:26,893 - INFO - The-Project.py:2593 - Created frame: backup_restore
2025-03-23 16:14:26,893 - INFO - The-Project.py:2593 - Created frame: send_notification
2025-03-23 16:14:26,903 - INFO - The-Project.py:2613 - setup_home_page completed successfully
2025-03-23 16:14:26,925 - INFO - The-Project.py:2613 - setup_add_page completed successfully
2025-03-23 16:14:26,929 - INFO - The-Project.py:2613 - setup_view_page completed successfully
2025-03-23 16:14:26,932 - INFO - The-Project.py:2613 - setup_manage_installments_page completed successfully
2025-03-23 16:14:26,935 - INFO - The-Project.py:2613 - setup_backup_restore_page completed successfully
2025-03-23 16:14:26,937 - INFO - The-Project.py:2613 - setup_send_notification_page completed successfully
2025-03-23 16:14:26,937 - INFO - The-Project.py:2293 - Starting automatic installment check
2025-03-23 16:14:26,937 - INFO - The-Project.py:2423 - Notification thread started
2025-03-23 16:14:26,937 - INFO - The-Project.py:426 - Application starting...
2025-03-23 16:14:26,937 - INFO - The-Project.py:2311 - Checking notifications for 1 customers
2025-03-23 16:14:26,937 - INFO - The-Project.py:2411 - Notification check completed. Success: 0, Failed: 0, Skipped: 0
2025-03-23 16:20:32,425 - INFO - The-Project.py:207 - Starting application initialization...
2025-03-23 16:20:32,692 - INFO - The-Project.py:220 - Appearance mode set successfully
2025-03-23 16:20:32,692 - INFO - The-Project.py:232 - Window centered successfully
2025-03-23 16:20:32,692 - INFO - The-Project.py:127 - Theme setup completed successfully
2025-03-23 16:20:32,692 - INFO - The-Project.py:2616 - Theme setup completed
2025-03-23 16:20:32,693 - INFO - The-Project.py:2639 - Created frame: home
2025-03-23 16:20:32,693 - INFO - The-Project.py:2639 - Created frame: add
2025-03-23 16:20:32,693 - INFO - The-Project.py:2639 - Created frame: delete
2025-03-23 16:20:32,693 - INFO - The-Project.py:2639 - Created frame: edit
2025-03-23 16:20:32,693 - INFO - The-Project.py:2639 - Created frame: view
2025-03-23 16:20:32,693 - INFO - The-Project.py:2639 - Created frame: manage_installments
2025-03-23 16:20:32,693 - INFO - The-Project.py:2639 - Created frame: backup_restore
2025-03-23 16:20:32,693 - INFO - The-Project.py:2639 - Created frame: send_notification
2025-03-23 16:20:32,700 - INFO - The-Project.py:2659 - setup_home_page completed successfully
2025-03-23 16:20:32,704 - ERROR - The-Project.py:144 - Error creating frame: customtkinter.windows.widgets.ctk_frame.CTkFrame() got multiple values for keyword argument 'fg_color'
2025-03-23 16:20:32,704 - ERROR - The-Project.py:2661 - Error in setup_add_page: customtkinter.windows.widgets.ctk_frame.CTkFrame() got multiple values for keyword argument 'fg_color'
2025-03-23 16:20:32,705 - CRITICAL - The-Project.py:2671 - Application failed to start: customtkinter.windows.widgets.ctk_frame.CTkFrame() got multiple values for keyword argument 'fg_color'
Traceback (most recent call last):
  File "/Users/omar/Installments-Tracker-1/The-Project.py", line 2658, in <module>
    func()
    ~~~~^^
  File "/Users/omar/Installments-Tracker-1/The-Project.py", line 1141, in setup_add_page
    file_frame = StyleManager.create_frame(form_frame, fg_color="transparent")
  File "/Users/omar/Installments-Tracker-1/The-Project.py", line 136, in create_frame
    return CTkFrame(
        master,
    ...<3 lines>...
        **kwargs
    )
TypeError: customtkinter.windows.widgets.ctk_frame.CTkFrame() got multiple values for keyword argument 'fg_color'

2025-03-23 16:21:42,644 - INFO - The-Project.py:217 - Starting application initialization...
2025-03-23 16:21:42,807 - INFO - The-Project.py:230 - Appearance mode set successfully
2025-03-23 16:21:42,808 - INFO - The-Project.py:242 - Window centered successfully
2025-03-23 16:21:42,808 - INFO - The-Project.py:127 - Theme setup completed successfully
2025-03-23 16:21:42,808 - INFO - The-Project.py:2626 - Theme setup completed
2025-03-23 16:21:42,809 - INFO - The-Project.py:2649 - Created frame: home
2025-03-23 16:21:42,809 - INFO - The-Project.py:2649 - Created frame: add
2025-03-23 16:21:42,809 - INFO - The-Project.py:2649 - Created frame: delete
2025-03-23 16:21:42,809 - INFO - The-Project.py:2649 - Created frame: edit
2025-03-23 16:21:42,809 - INFO - The-Project.py:2649 - Created frame: view
2025-03-23 16:21:42,809 - INFO - The-Project.py:2649 - Created frame: manage_installments
2025-03-23 16:21:42,809 - INFO - The-Project.py:2649 - Created frame: backup_restore
2025-03-23 16:21:42,809 - INFO - The-Project.py:2649 - Created frame: send_notification
2025-03-23 16:21:42,815 - INFO - The-Project.py:2669 - setup_home_page completed successfully
2025-03-23 16:21:42,820 - ERROR - The-Project.py:2671 - Error in setup_add_page: 'border'
2025-03-23 16:21:42,821 - CRITICAL - The-Project.py:2681 - Application failed to start: 'border'
Traceback (most recent call last):
  File "/Users/omar/Installments-Tracker-1/The-Project.py", line 2668, in <module>
    func()
    ~~~~^^
  File "/Users/omar/Installments-Tracker-1/The-Project.py", line 1167, in setup_add_page
    border_color=StyleManager.COLORS["border"],
                 ~~~~~~~~~~~~~~~~~~~^^^^^^^^^^
KeyError: 'border'

2025-03-23 16:24:06,022 - INFO - The-Project.py:218 - Starting application initialization...
2025-03-23 16:24:06,186 - INFO - The-Project.py:231 - Appearance mode set successfully
2025-03-23 16:24:06,186 - INFO - The-Project.py:243 - Window centered successfully
2025-03-23 16:24:06,186 - INFO - The-Project.py:128 - Theme setup completed successfully
2025-03-23 16:24:06,186 - INFO - The-Project.py:2627 - Theme setup completed
2025-03-23 16:24:06,187 - INFO - The-Project.py:2650 - Created frame: home
2025-03-23 16:24:06,187 - INFO - The-Project.py:2650 - Created frame: add
2025-03-23 16:24:06,187 - INFO - The-Project.py:2650 - Created frame: delete
2025-03-23 16:24:06,187 - INFO - The-Project.py:2650 - Created frame: edit
2025-03-23 16:24:06,187 - INFO - The-Project.py:2650 - Created frame: view
2025-03-23 16:24:06,187 - INFO - The-Project.py:2650 - Created frame: manage_installments
2025-03-23 16:24:06,187 - INFO - The-Project.py:2650 - Created frame: backup_restore
2025-03-23 16:24:06,187 - INFO - The-Project.py:2650 - Created frame: send_notification
2025-03-23 16:24:06,193 - INFO - The-Project.py:2670 - setup_home_page completed successfully
2025-03-23 16:24:06,216 - INFO - The-Project.py:2670 - setup_add_page completed successfully
2025-03-23 16:24:06,219 - INFO - The-Project.py:2670 - setup_view_page completed successfully
2025-03-23 16:24:06,221 - INFO - The-Project.py:2670 - setup_manage_installments_page completed successfully
2025-03-23 16:24:06,225 - INFO - The-Project.py:2670 - setup_backup_restore_page completed successfully
2025-03-23 16:24:06,227 - INFO - The-Project.py:2670 - setup_send_notification_page completed successfully
2025-03-23 16:24:06,228 - INFO - The-Project.py:2383 - Starting automatic installment check
2025-03-23 16:24:06,228 - INFO - The-Project.py:2513 - Notification thread started
2025-03-23 16:24:06,228 - INFO - The-Project.py:258 - Application starting...
2025-03-23 16:24:06,228 - INFO - The-Project.py:2401 - Checking notifications for 1 customers
2025-03-23 16:24:06,228 - INFO - The-Project.py:2501 - Notification check completed. Success: 0, Failed: 0, Skipped: 0
2025-03-23 16:25:33,024 - INFO - The-Project.py:218 - Starting application initialization...
2025-03-23 16:25:33,188 - INFO - The-Project.py:231 - Appearance mode set successfully
2025-03-23 16:25:33,188 - INFO - The-Project.py:243 - Window centered successfully
2025-03-23 16:25:33,188 - INFO - The-Project.py:128 - Theme setup completed successfully
2025-03-23 16:25:33,188 - INFO - The-Project.py:2623 - Theme setup completed
2025-03-23 16:25:33,189 - INFO - The-Project.py:2646 - Created frame: home
2025-03-23 16:25:33,189 - INFO - The-Project.py:2646 - Created frame: add
2025-03-23 16:25:33,189 - INFO - The-Project.py:2646 - Created frame: delete
2025-03-23 16:25:33,189 - INFO - The-Project.py:2646 - Created frame: edit
2025-03-23 16:25:33,189 - INFO - The-Project.py:2646 - Created frame: view
2025-03-23 16:25:33,189 - INFO - The-Project.py:2646 - Created frame: manage_installments
2025-03-23 16:25:33,189 - INFO - The-Project.py:2646 - Created frame: backup_restore
2025-03-23 16:25:33,189 - INFO - The-Project.py:2646 - Created frame: send_notification
2025-03-23 16:25:33,196 - INFO - The-Project.py:2666 - setup_home_page completed successfully
2025-03-23 16:25:33,216 - INFO - The-Project.py:2666 - setup_add_page completed successfully
2025-03-23 16:25:33,220 - INFO - The-Project.py:2666 - setup_view_page completed successfully
2025-03-23 16:25:33,222 - INFO - The-Project.py:2666 - setup_manage_installments_page completed successfully
2025-03-23 16:25:33,226 - INFO - The-Project.py:2666 - setup_backup_restore_page completed successfully
2025-03-23 16:25:33,228 - INFO - The-Project.py:2666 - setup_send_notification_page completed successfully
2025-03-23 16:25:33,228 - INFO - The-Project.py:2383 - Starting automatic installment check
2025-03-23 16:25:33,228 - INFO - The-Project.py:2513 - Notification thread started
2025-03-23 16:25:33,228 - INFO - The-Project.py:258 - Application starting...
2025-03-23 16:25:33,228 - INFO - The-Project.py:2401 - Checking notifications for 1 customers
2025-03-23 16:25:33,229 - INFO - The-Project.py:2501 - Notification check completed. Success: 0, Failed: 0, Skipped: 0
2025-03-23 16:28:21,265 - INFO - The-Project.py:218 - Starting application initialization...
2025-03-23 16:28:21,432 - INFO - The-Project.py:231 - Appearance mode set successfully
2025-03-23 16:28:21,432 - INFO - The-Project.py:243 - Window centered successfully
2025-03-23 16:28:21,433 - INFO - The-Project.py:128 - Theme setup completed successfully
2025-03-23 16:28:21,433 - INFO - The-Project.py:2696 - Theme setup completed
2025-03-23 16:28:21,433 - INFO - The-Project.py:2719 - Created frame: home
2025-03-23 16:28:21,434 - INFO - The-Project.py:2719 - Created frame: add
2025-03-23 16:28:21,434 - INFO - The-Project.py:2719 - Created frame: delete
2025-03-23 16:28:21,434 - INFO - The-Project.py:2719 - Created frame: edit
2025-03-23 16:28:21,434 - INFO - The-Project.py:2719 - Created frame: view
2025-03-23 16:28:21,434 - INFO - The-Project.py:2719 - Created frame: manage_installments
2025-03-23 16:28:21,434 - INFO - The-Project.py:2719 - Created frame: backup_restore
2025-03-23 16:28:21,434 - INFO - The-Project.py:2719 - Created frame: send_notification
2025-03-23 16:28:21,470 - INFO - The-Project.py:2739 - setup_home_page completed successfully
2025-03-23 16:28:21,494 - INFO - The-Project.py:2739 - setup_add_page completed successfully
2025-03-23 16:28:21,498 - INFO - The-Project.py:2739 - setup_view_page completed successfully
2025-03-23 16:28:21,500 - INFO - The-Project.py:2739 - setup_manage_installments_page completed successfully
2025-03-23 16:28:21,504 - INFO - The-Project.py:2739 - setup_backup_restore_page completed successfully
2025-03-23 16:28:21,506 - INFO - The-Project.py:2739 - setup_send_notification_page completed successfully
2025-03-23 16:28:21,507 - INFO - The-Project.py:2456 - Starting automatic installment check
2025-03-23 16:28:21,507 - INFO - The-Project.py:2586 - Notification thread started
2025-03-23 16:28:21,507 - INFO - The-Project.py:2474 - Checking notifications for 1 customers
2025-03-23 16:28:21,507 - INFO - The-Project.py:258 - Application starting...
2025-03-23 16:28:21,507 - INFO - The-Project.py:2574 - Notification check completed. Success: 0, Failed: 0, Skipped: 0
2025-03-23 18:59:55,174 - INFO - The-Project.py:218 - Starting application initialization...
2025-03-23 18:59:55,643 - INFO - The-Project.py:231 - Appearance mode set successfully
2025-03-23 18:59:55,643 - INFO - The-Project.py:243 - Window centered successfully
2025-03-23 18:59:55,644 - INFO - The-Project.py:128 - Theme setup completed successfully
2025-03-23 18:59:55,644 - INFO - The-Project.py:2696 - Theme setup completed
2025-03-23 18:59:55,660 - INFO - The-Project.py:2719 - Created frame: home
2025-03-23 18:59:55,662 - INFO - The-Project.py:2719 - Created frame: add
2025-03-23 18:59:55,664 - INFO - The-Project.py:2719 - Created frame: delete
2025-03-23 18:59:55,666 - INFO - The-Project.py:2719 - Created frame: edit
2025-03-23 18:59:55,668 - INFO - The-Project.py:2719 - Created frame: view
2025-03-23 18:59:55,670 - INFO - The-Project.py:2719 - Created frame: manage_installments
2025-03-23 18:59:55,673 - INFO - The-Project.py:2719 - Created frame: backup_restore
2025-03-23 18:59:55,675 - INFO - The-Project.py:2719 - Created frame: send_notification
2025-03-23 18:59:55,972 - INFO - The-Project.py:2739 - setup_home_page completed successfully
2025-03-23 18:59:56,066 - INFO - The-Project.py:2739 - setup_add_page completed successfully
2025-03-23 18:59:56,100 - INFO - The-Project.py:2739 - setup_view_page completed successfully
2025-03-23 18:59:56,117 - INFO - The-Project.py:2739 - setup_manage_installments_page completed successfully
2025-03-23 18:59:56,162 - INFO - The-Project.py:2739 - setup_backup_restore_page completed successfully
2025-03-23 18:59:56,181 - INFO - The-Project.py:2739 - setup_send_notification_page completed successfully
2025-03-23 18:59:56,182 - INFO - The-Project.py:2456 - Starting automatic installment check
2025-03-23 18:59:56,182 - INFO - The-Project.py:2586 - Notification thread started
2025-03-23 18:59:56,183 - INFO - The-Project.py:2474 - Checking notifications for 1 customers
2025-03-23 18:59:56,183 - INFO - The-Project.py:258 - Application starting...
2025-03-23 18:59:56,183 - INFO - The-Project.py:2574 - Notification check completed. Success: 0, Failed: 0, Skipped: 0
2025-03-23 19:28:02,379 - INFO - The-Project.py:218 - Starting application initialization...
2025-03-23 19:28:02,498 - INFO - The-Project.py:231 - Appearance mode set successfully
2025-03-23 19:28:02,498 - INFO - The-Project.py:243 - Window centered successfully
2025-03-23 19:28:02,499 - INFO - The-Project.py:128 - Theme setup completed successfully
2025-03-23 19:28:02,499 - INFO - The-Project.py:2696 - Theme setup completed
2025-03-23 19:28:02,514 - INFO - The-Project.py:2719 - Created frame: home
2025-03-23 19:28:02,516 - INFO - The-Project.py:2719 - Created frame: add
2025-03-23 19:28:02,518 - INFO - The-Project.py:2719 - Created frame: delete
2025-03-23 19:28:02,520 - INFO - The-Project.py:2719 - Created frame: edit
2025-03-23 19:28:02,522 - INFO - The-Project.py:2719 - Created frame: view
2025-03-23 19:28:02,524 - INFO - The-Project.py:2719 - Created frame: manage_installments
2025-03-23 19:28:02,526 - INFO - The-Project.py:2719 - Created frame: backup_restore
2025-03-23 19:28:02,528 - INFO - The-Project.py:2719 - Created frame: send_notification
2025-03-23 19:28:02,815 - INFO - The-Project.py:2739 - setup_home_page completed successfully
2025-03-23 19:28:02,914 - INFO - The-Project.py:2739 - setup_add_page completed successfully
2025-03-23 19:28:02,950 - INFO - The-Project.py:2739 - setup_view_page completed successfully
2025-03-23 19:28:02,968 - INFO - The-Project.py:2739 - setup_manage_installments_page completed successfully
2025-03-23 19:28:03,012 - INFO - The-Project.py:2739 - setup_backup_restore_page completed successfully
2025-03-23 19:28:03,031 - INFO - The-Project.py:2739 - setup_send_notification_page completed successfully
2025-03-23 19:28:03,032 - INFO - The-Project.py:2456 - Starting automatic installment check
2025-03-23 19:28:03,032 - INFO - The-Project.py:2586 - Notification thread started
2025-03-23 19:28:03,032 - INFO - The-Project.py:2474 - Checking notifications for 1 customers
2025-03-23 19:28:03,033 - INFO - The-Project.py:258 - Application starting...
2025-03-23 19:28:03,033 - INFO - The-Project.py:2574 - Notification check completed. Success: 0, Failed: 0, Skipped: 0
2025-03-23 19:28:21,645 - INFO - The-Project.py:539 - Backup created: backups\backup_20250323_192821.csv
2025-03-23 19:33:27,115 - INFO - The-Project.py:218 - Starting application initialization...
2025-03-23 19:33:27,233 - INFO - The-Project.py:231 - Appearance mode set successfully
2025-03-23 19:33:27,234 - INFO - The-Project.py:243 - Window centered successfully
2025-03-23 19:33:27,235 - INFO - The-Project.py:128 - Theme setup completed successfully
2025-03-23 19:33:27,235 - INFO - The-Project.py:2768 - Theme setup completed
2025-03-23 19:33:27,250 - INFO - The-Project.py:2791 - Created frame: home
2025-03-23 19:33:27,252 - INFO - The-Project.py:2791 - Created frame: add
2025-03-23 19:33:27,254 - INFO - The-Project.py:2791 - Created frame: delete
2025-03-23 19:33:27,256 - INFO - The-Project.py:2791 - Created frame: edit
2025-03-23 19:33:27,258 - INFO - The-Project.py:2791 - Created frame: view
2025-03-23 19:33:27,260 - INFO - The-Project.py:2791 - Created frame: manage_installments
2025-03-23 19:33:27,262 - INFO - The-Project.py:2791 - Created frame: backup_restore
2025-03-23 19:33:27,264 - INFO - The-Project.py:2791 - Created frame: send_notification
2025-03-23 19:33:27,539 - INFO - The-Project.py:2811 - setup_home_page completed successfully
2025-03-23 19:33:27,638 - INFO - The-Project.py:2811 - setup_add_page completed successfully
2025-03-23 19:33:27,759 - INFO - The-Project.py:2811 - setup_view_page completed successfully
2025-03-23 19:33:27,779 - INFO - The-Project.py:2811 - setup_manage_installments_page completed successfully
2025-03-23 19:33:27,841 - INFO - The-Project.py:2811 - setup_backup_restore_page completed successfully
2025-03-23 19:33:27,866 - INFO - The-Project.py:2811 - setup_send_notification_page completed successfully
2025-03-23 19:33:27,866 - INFO - The-Project.py:2528 - Starting automatic installment check
2025-03-23 19:33:27,867 - INFO - The-Project.py:2658 - Notification thread started
2025-03-23 19:33:27,867 - INFO - The-Project.py:2546 - Checking notifications for 1 customers
2025-03-23 19:33:27,867 - INFO - The-Project.py:258 - Application starting...
2025-03-23 19:33:27,867 - INFO - The-Project.py:2646 - Notification check completed. Success: 0, Failed: 0, Skipped: 0
2025-03-23 19:36:28,550 - INFO - The-Project.py:218 - Starting application initialization...
2025-03-23 19:36:28,677 - INFO - The-Project.py:231 - Appearance mode set successfully
2025-03-23 19:36:28,678 - INFO - The-Project.py:243 - Window centered successfully
2025-03-23 19:36:28,679 - INFO - The-Project.py:128 - Theme setup completed successfully
2025-03-23 19:36:28,679 - INFO - The-Project.py:2729 - Theme setup completed
2025-03-23 19:36:28,695 - INFO - The-Project.py:2752 - Created frame: home
2025-03-23 19:36:28,697 - INFO - The-Project.py:2752 - Created frame: add
2025-03-23 19:36:28,699 - INFO - The-Project.py:2752 - Created frame: delete
2025-03-23 19:36:28,701 - INFO - The-Project.py:2752 - Created frame: edit
2025-03-23 19:36:28,704 - INFO - The-Project.py:2752 - Created frame: view
2025-03-23 19:36:28,706 - INFO - The-Project.py:2752 - Created frame: manage_installments
2025-03-23 19:36:28,708 - INFO - The-Project.py:2752 - Created frame: backup_restore
2025-03-23 19:36:28,710 - INFO - The-Project.py:2752 - Created frame: send_notification
2025-03-23 19:36:29,006 - INFO - The-Project.py:2772 - setup_home_page completed successfully
2025-03-23 19:36:29,128 - INFO - The-Project.py:2772 - setup_add_page completed successfully
2025-03-23 19:36:29,185 - INFO - The-Project.py:2772 - setup_view_page completed successfully
2025-03-23 19:36:29,204 - INFO - The-Project.py:2772 - setup_manage_installments_page completed successfully
2025-03-23 19:36:29,249 - INFO - The-Project.py:2772 - setup_backup_restore_page completed successfully
2025-03-23 19:36:29,267 - INFO - The-Project.py:2772 - setup_send_notification_page completed successfully
2025-03-23 19:36:29,268 - INFO - The-Project.py:2489 - Starting automatic installment check
2025-03-23 19:36:29,268 - INFO - The-Project.py:2619 - Notification thread started
2025-03-23 19:36:29,268 - INFO - The-Project.py:2507 - Checking notifications for 1 customers
2025-03-23 19:36:29,268 - INFO - The-Project.py:258 - Application starting...
2025-03-23 19:36:29,269 - INFO - The-Project.py:2607 - Notification check completed. Success: 0, Failed: 0, Skipped: 0
2025-03-28 04:01:30,076 - INFO - The-Project.py:218 - Starting application initialization...
2025-03-28 04:01:30,171 - INFO - The-Project.py:231 - Appearance mode set successfully
2025-03-28 04:01:30,172 - INFO - The-Project.py:243 - Window centered successfully
2025-03-28 04:01:30,172 - INFO - The-Project.py:128 - Theme setup completed successfully
2025-03-28 04:01:30,173 - INFO - The-Project.py:2729 - Theme setup completed
2025-03-28 04:01:30,187 - INFO - The-Project.py:2752 - Created frame: home
2025-03-28 04:01:30,189 - INFO - The-Project.py:2752 - Created frame: add
2025-03-28 04:01:30,191 - INFO - The-Project.py:2752 - Created frame: delete
2025-03-28 04:01:30,194 - INFO - The-Project.py:2752 - Created frame: edit
2025-03-28 04:01:30,196 - INFO - The-Project.py:2752 - Created frame: view
2025-03-28 04:01:30,199 - INFO - The-Project.py:2752 - Created frame: manage_installments
2025-03-28 04:01:30,201 - INFO - The-Project.py:2752 - Created frame: backup_restore
2025-03-28 04:01:30,203 - INFO - The-Project.py:2752 - Created frame: send_notification
2025-03-28 04:01:30,720 - INFO - The-Project.py:2772 - setup_home_page completed successfully
2025-03-28 04:01:30,833 - INFO - The-Project.py:2772 - setup_add_page completed successfully
2025-03-28 04:01:30,881 - INFO - The-Project.py:2772 - setup_view_page completed successfully
2025-03-28 04:01:30,900 - INFO - The-Project.py:2772 - setup_manage_installments_page completed successfully
2025-03-28 04:01:30,945 - INFO - The-Project.py:2772 - setup_backup_restore_page completed successfully
2025-03-28 04:01:30,964 - INFO - The-Project.py:2772 - setup_send_notification_page completed successfully
2025-03-28 04:01:30,965 - INFO - The-Project.py:2489 - Starting automatic installment check
2025-03-28 04:01:30,965 - INFO - The-Project.py:2619 - Notification thread started
2025-03-28 04:01:30,965 - INFO - The-Project.py:2507 - Checking notifications for 1 customers
2025-03-28 04:01:30,965 - INFO - The-Project.py:258 - Application starting...
2025-03-28 04:01:30,966 - INFO - The-Project.py:2607 - Notification check completed. Success: 0, Failed: 0, Skipped: 0
2025-03-28 04:06:24,652 - INFO - The-Project.py:218 - Starting application initialization...
2025-03-28 04:06:24,772 - INFO - The-Project.py:231 - Appearance mode set successfully
2025-03-28 04:06:24,773 - INFO - The-Project.py:243 - Window centered successfully
2025-03-28 04:06:24,774 - INFO - The-Project.py:128 - Theme setup completed successfully
2025-03-28 04:06:24,774 - INFO - The-Project.py:2729 - Theme setup completed
2025-03-28 04:06:24,791 - INFO - The-Project.py:2752 - Created frame: home
2025-03-28 04:06:24,793 - INFO - The-Project.py:2752 - Created frame: add
2025-03-28 04:06:24,795 - INFO - The-Project.py:2752 - Created frame: delete
2025-03-28 04:06:24,797 - INFO - The-Project.py:2752 - Created frame: edit
2025-03-28 04:06:24,800 - INFO - The-Project.py:2752 - Created frame: view
2025-03-28 04:06:24,802 - INFO - The-Project.py:2752 - Created frame: manage_installments
2025-03-28 04:06:24,804 - INFO - The-Project.py:2752 - Created frame: backup_restore
2025-03-28 04:06:24,806 - INFO - The-Project.py:2752 - Created frame: send_notification
2025-03-28 04:06:25,114 - INFO - The-Project.py:2772 - setup_home_page completed successfully
2025-03-28 04:06:25,220 - INFO - The-Project.py:2772 - setup_add_page completed successfully
2025-03-28 04:06:25,286 - INFO - The-Project.py:2772 - setup_view_page completed successfully
2025-03-28 04:06:25,327 - INFO - The-Project.py:2772 - setup_manage_installments_page completed successfully
2025-03-28 04:06:25,380 - INFO - The-Project.py:2772 - setup_backup_restore_page completed successfully
2025-03-28 04:06:25,413 - INFO - The-Project.py:2772 - setup_send_notification_page completed successfully
2025-03-28 04:06:25,415 - INFO - The-Project.py:2489 - Starting automatic installment check
2025-03-28 04:06:25,415 - INFO - The-Project.py:2619 - Notification thread started
2025-03-28 04:06:25,415 - INFO - The-Project.py:2507 - Checking notifications for 50 customers
2025-03-28 04:06:25,415 - INFO - The-Project.py:258 - Application starting...
2025-03-28 04:06:25,416 - INFO - The-Project.py:2543 - Found upcoming payment for Test Customer 15 due in 0 days
2025-03-28 04:06:27,417 - INFO - The-Project.py:2569 - Attempt 1 to send notification to Test Customer 15 at +19349595494
2025-03-28 04:06:50,938 - INFO - The-Project.py:539 - Backup created: backups\backup_20250328_040650.csv
2025-03-28 04:06:50,940 - INFO - The-Project.py:2583 - Automatic notification sent to Test Customer 15 at +19349595494
2025-03-28 04:06:50,941 - INFO - The-Project.py:2543 - Found upcoming payment for Test Customer 36 due in 3 days
2025-03-28 04:06:52,942 - INFO - The-Project.py:2569 - Attempt 1 to send notification to Test Customer 36 at +14775019226
2025-03-28 04:07:16,370 - INFO - The-Project.py:539 - Backup created: backups\backup_20250328_040716.csv
2025-03-28 04:07:16,372 - INFO - The-Project.py:2583 - Automatic notification sent to Test Customer 36 at +14775019226
2025-03-28 04:07:16,373 - INFO - The-Project.py:2607 - Notification check completed. Success: 2, Failed: 0, Skipped: 27
2025-03-28 04:21:13,486 - INFO - The-Project.py:218 - Starting application initialization...
2025-03-28 04:21:13,607 - INFO - The-Project.py:231 - Appearance mode set successfully
2025-03-28 04:21:13,607 - INFO - The-Project.py:243 - Window centered successfully
2025-03-28 04:21:13,608 - INFO - The-Project.py:128 - Theme setup completed successfully
2025-03-28 04:21:13,608 - INFO - The-Project.py:2742 - Theme setup completed
2025-03-28 04:21:13,635 - INFO - The-Project.py:2765 - Created frame: home
2025-03-28 04:21:13,639 - INFO - The-Project.py:2765 - Created frame: add
2025-03-28 04:21:13,643 - INFO - The-Project.py:2765 - Created frame: delete
2025-03-28 04:21:13,645 - INFO - The-Project.py:2765 - Created frame: edit
2025-03-28 04:21:13,650 - INFO - The-Project.py:2765 - Created frame: view
2025-03-28 04:21:13,654 - INFO - The-Project.py:2765 - Created frame: manage_installments
2025-03-28 04:21:13,658 - INFO - The-Project.py:2765 - Created frame: backup_restore
2025-03-28 04:21:13,660 - INFO - The-Project.py:2765 - Created frame: send_notification
2025-03-28 04:21:13,988 - INFO - The-Project.py:2785 - setup_home_page completed successfully
2025-03-28 04:21:14,102 - INFO - The-Project.py:2785 - setup_add_page completed successfully
2025-03-28 04:21:14,161 - INFO - The-Project.py:2785 - setup_view_page completed successfully
2025-03-28 04:21:14,202 - INFO - The-Project.py:2785 - setup_manage_installments_page completed successfully
2025-03-28 04:21:14,254 - INFO - The-Project.py:2785 - setup_backup_restore_page completed successfully
2025-03-28 04:21:14,286 - INFO - The-Project.py:2785 - setup_send_notification_page completed successfully
2025-03-28 04:21:14,287 - INFO - The-Project.py:2502 - Starting automatic installment check
2025-03-28 04:21:14,287 - INFO - The-Project.py:2632 - Notification thread started
2025-03-28 04:21:14,288 - INFO - The-Project.py:2520 - Checking notifications for 50 customers
2025-03-28 04:21:14,288 - INFO - The-Project.py:258 - Application starting...
2025-03-28 04:21:14,290 - INFO - The-Project.py:2620 - Notification check completed. Success: 0, Failed: 0, Skipped: 29
2025-03-28 04:25:09,539 - INFO - The-Project.py:223 - Starting application initialization...
2025-03-28 04:25:09,671 - INFO - The-Project.py:236 - Appearance mode set successfully
2025-03-28 04:25:09,671 - INFO - The-Project.py:248 - Window centered successfully
2025-03-28 04:25:09,672 - INFO - The-Project.py:133 - Theme setup completed successfully
2025-03-28 04:25:09,673 - INFO - The-Project.py:2747 - Theme setup completed
2025-03-28 04:25:09,691 - INFO - The-Project.py:2770 - Created frame: home
2025-03-28 04:25:09,692 - INFO - The-Project.py:2770 - Created frame: add
2025-03-28 04:25:09,695 - INFO - The-Project.py:2770 - Created frame: delete
2025-03-28 04:25:09,698 - INFO - The-Project.py:2770 - Created frame: edit
2025-03-28 04:25:09,701 - INFO - The-Project.py:2770 - Created frame: view
2025-03-28 04:25:09,704 - INFO - The-Project.py:2770 - Created frame: manage_installments
2025-03-28 04:25:09,706 - INFO - The-Project.py:2770 - Created frame: backup_restore
2025-03-28 04:25:09,708 - INFO - The-Project.py:2770 - Created frame: send_notification
2025-03-28 04:25:10,066 - INFO - The-Project.py:2790 - setup_home_page completed successfully
2025-03-28 04:25:10,172 - INFO - The-Project.py:2790 - setup_add_page completed successfully
2025-03-28 04:25:10,226 - INFO - The-Project.py:2790 - setup_view_page completed successfully
2025-03-28 04:25:10,260 - INFO - The-Project.py:2790 - setup_manage_installments_page completed successfully
2025-03-28 04:25:10,309 - INFO - The-Project.py:2790 - setup_backup_restore_page completed successfully
2025-03-28 04:25:10,343 - INFO - The-Project.py:2790 - setup_send_notification_page completed successfully
2025-03-28 04:25:10,344 - INFO - The-Project.py:2507 - Starting automatic installment check
2025-03-28 04:25:10,344 - INFO - The-Project.py:2637 - Notification thread started
2025-03-28 04:25:10,345 - INFO - The-Project.py:2525 - Checking notifications for 50 customers
2025-03-28 04:25:10,345 - INFO - The-Project.py:263 - Application starting...
2025-03-28 04:25:10,347 - INFO - The-Project.py:2625 - Notification check completed. Success: 0, Failed: 0, Skipped: 29
2025-03-31 06:10:26,158 - INFO - The-Project.py:223 - Starting application initialization...
2025-03-31 06:10:26,271 - INFO - The-Project.py:236 - Appearance mode set successfully
2025-03-31 06:10:26,272 - INFO - The-Project.py:248 - Window centered successfully
2025-03-31 06:10:26,273 - INFO - The-Project.py:133 - Theme setup completed successfully
2025-03-31 06:10:26,274 - INFO - The-Project.py:2747 - Theme setup completed
2025-03-31 06:10:26,290 - INFO - The-Project.py:2770 - Created frame: home
2025-03-31 06:10:26,292 - INFO - The-Project.py:2770 - Created frame: add
2025-03-31 06:10:26,294 - INFO - The-Project.py:2770 - Created frame: delete
2025-03-31 06:10:26,296 - INFO - The-Project.py:2770 - Created frame: edit
2025-03-31 06:10:26,298 - INFO - The-Project.py:2770 - Created frame: view
2025-03-31 06:10:26,301 - INFO - The-Project.py:2770 - Created frame: manage_installments
2025-03-31 06:10:26,302 - INFO - The-Project.py:2770 - Created frame: backup_restore
2025-03-31 06:10:26,305 - INFO - The-Project.py:2770 - Created frame: send_notification
2025-03-31 06:10:26,591 - INFO - The-Project.py:2790 - setup_home_page completed successfully
2025-03-31 06:10:26,686 - INFO - The-Project.py:2790 - setup_add_page completed successfully
2025-03-31 06:10:26,732 - INFO - The-Project.py:2790 - setup_view_page completed successfully
2025-03-31 06:10:26,752 - INFO - The-Project.py:2790 - setup_manage_installments_page completed successfully
2025-03-31 06:10:26,796 - INFO - The-Project.py:2790 - setup_backup_restore_page completed successfully
2025-03-31 06:10:26,815 - INFO - The-Project.py:2790 - setup_send_notification_page completed successfully
2025-03-31 06:10:26,815 - INFO - The-Project.py:2507 - Starting automatic installment check
2025-03-31 06:10:26,815 - INFO - The-Project.py:2637 - Notification thread started
2025-03-31 06:10:26,816 - INFO - The-Project.py:263 - Application starting...
2025-03-31 06:10:26,816 - INFO - The-Project.py:2512 - No customer data found for notifications
2025-03-31 08:40:49,942 - INFO - The-Project.py:230 - Created base directory: customer_files
2025-03-31 08:40:49,943 - INFO - The-Project.py:348 - Starting application initialization...
2025-03-31 08:40:50,161 - INFO - The-Project.py:361 - Appearance mode set successfully
2025-03-31 08:40:50,162 - INFO - The-Project.py:373 - Window centered successfully
2025-03-31 08:40:50,163 - INFO - The-Project.py:133 - Theme setup completed successfully
2025-03-31 08:40:50,163 - INFO - The-Project.py:2931 - Theme setup completed
2025-03-31 08:40:50,194 - INFO - The-Project.py:2954 - Created frame: home
2025-03-31 08:40:50,197 - INFO - The-Project.py:2954 - Created frame: add
2025-03-31 08:40:50,200 - INFO - The-Project.py:2954 - Created frame: delete
2025-03-31 08:40:50,202 - INFO - The-Project.py:2954 - Created frame: edit
2025-03-31 08:40:50,205 - INFO - The-Project.py:2954 - Created frame: view
2025-03-31 08:40:50,211 - INFO - The-Project.py:2954 - Created frame: manage_installments
2025-03-31 08:40:50,219 - INFO - The-Project.py:2954 - Created frame: backup_restore
2025-03-31 08:40:50,234 - INFO - The-Project.py:2954 - Created frame: send_notification
2025-03-31 08:40:50,755 - INFO - The-Project.py:2974 - setup_home_page completed successfully
2025-03-31 08:40:50,887 - INFO - The-Project.py:2974 - setup_add_page completed successfully
2025-03-31 08:40:50,938 - INFO - The-Project.py:2974 - setup_view_page completed successfully
2025-03-31 08:40:50,957 - INFO - The-Project.py:2974 - setup_manage_installments_page completed successfully
2025-03-31 08:40:51,006 - INFO - The-Project.py:2974 - setup_backup_restore_page completed successfully
2025-03-31 08:40:51,028 - INFO - The-Project.py:2974 - setup_send_notification_page completed successfully
2025-03-31 08:40:51,029 - INFO - The-Project.py:2691 - Starting automatic installment check
2025-03-31 08:40:51,029 - INFO - The-Project.py:2821 - Notification thread started
2025-03-31 08:40:51,029 - INFO - The-Project.py:388 - Application starting...
2025-03-31 08:40:51,029 - INFO - The-Project.py:2696 - No customer data found for notifications
2025-03-31 08:41:34,334 - INFO - The-Project.py:673 - Backup created: backups\backup_20250331_084134.csv
2025-03-31 08:41:34,336 - INFO - The-Project.py:244 - Created customer directory: customer_files\mohamed ahmed
2025-03-31 08:41:34,338 - INFO - The-Project.py:270 - Added file Picture1-Copy.jpg for customer mohamed ahmed
2025-03-31 08:41:34,340 - INFO - The-Project.py:270 - Added file Picture1.jpg for customer mohamed ahmed
2025-03-31 08:41:34,365 - INFO - The-Project.py:270 - Added file Screenshot2024-01-31050433-Copy.png for customer mohamed ahmed
2025-03-31 08:41:34,365 - INFO - The-Project.py:850 - Files added for customer mohamed ahmed
2025-03-31 08:42:08,582 - INFO - The-Project.py:673 - Backup created: backups\backup_20250331_084208.csv
2025-03-31 08:42:08,660 - INFO - The-Project.py:2616 - Manual notification sent to mohamed ahmed at +201154262608
2025-03-31 08:42:08,707 - ERROR - The-Project.py:2640 - Unexpected error in send_message: bad window path name ".!ctktoplevel.!ctkframe4"
2025-03-31 08:42:23,556 - INFO - The-Project.py:673 - Backup created: backups\backup_20250331_084223.csv
2025-03-31 09:06:42,424 - INFO - The-Project.py:348 - Starting application initialization...
2025-03-31 09:06:42,555 - INFO - The-Project.py:361 - Appearance mode set successfully
2025-03-31 09:06:42,556 - INFO - The-Project.py:373 - Window centered successfully
2025-03-31 09:06:42,557 - INFO - The-Project.py:133 - Theme setup completed successfully
2025-03-31 09:06:42,558 - INFO - The-Project.py:2931 - Theme setup completed
2025-03-31 09:06:42,577 - INFO - The-Project.py:2954 - Created frame: home
2025-03-31 09:06:42,581 - INFO - The-Project.py:2954 - Created frame: add
2025-03-31 09:06:42,585 - INFO - The-Project.py:2954 - Created frame: delete
2025-03-31 09:06:42,589 - INFO - The-Project.py:2954 - Created frame: edit
2025-03-31 09:06:42,594 - INFO - The-Project.py:2954 - Created frame: view
2025-03-31 09:06:42,596 - INFO - The-Project.py:2954 - Created frame: manage_installments
2025-03-31 09:06:42,600 - INFO - The-Project.py:2954 - Created frame: backup_restore
2025-03-31 09:06:42,602 - INFO - The-Project.py:2954 - Created frame: send_notification
2025-03-31 09:06:42,946 - INFO - The-Project.py:2974 - setup_home_page completed successfully
2025-03-31 09:06:43,083 - INFO - The-Project.py:2974 - setup_add_page completed successfully
2025-03-31 09:06:43,139 - INFO - The-Project.py:2974 - setup_view_page completed successfully
2025-03-31 09:06:43,168 - INFO - The-Project.py:2974 - setup_manage_installments_page completed successfully
2025-03-31 09:06:43,228 - INFO - The-Project.py:2974 - setup_backup_restore_page completed successfully
2025-03-31 09:06:43,248 - INFO - The-Project.py:2974 - setup_send_notification_page completed successfully
2025-03-31 09:06:43,249 - INFO - The-Project.py:2691 - Starting automatic installment check
2025-03-31 09:06:43,249 - INFO - The-Project.py:2821 - Notification thread started
2025-03-31 09:06:43,249 - INFO - The-Project.py:2709 - Checking notifications for 1 customers
2025-03-31 09:06:43,250 - INFO - The-Project.py:388 - Application starting...
2025-03-31 09:06:43,250 - INFO - The-Project.py:2809 - Notification check completed. Success: 0, Failed: 0, Skipped: 1
2025-04-03 12:43:53,615 - INFO - The-Project.py:348 - Starting application initialization...
2025-04-03 12:43:53,715 - INFO - The-Project.py:361 - Appearance mode set successfully
2025-04-03 12:43:53,715 - INFO - The-Project.py:373 - Window centered successfully
2025-04-03 12:43:53,716 - INFO - The-Project.py:133 - Theme setup completed successfully
2025-04-03 12:43:53,716 - INFO - The-Project.py:2931 - Theme setup completed
2025-04-03 12:43:53,732 - INFO - The-Project.py:2954 - Created frame: home
2025-04-03 12:43:53,734 - INFO - The-Project.py:2954 - Created frame: add
2025-04-03 12:43:53,737 - INFO - The-Project.py:2954 - Created frame: delete
2025-04-03 12:43:53,739 - INFO - The-Project.py:2954 - Created frame: edit
2025-04-03 12:43:53,741 - INFO - The-Project.py:2954 - Created frame: view
2025-04-03 12:43:53,743 - INFO - The-Project.py:2954 - Created frame: manage_installments
2025-04-03 12:43:53,745 - INFO - The-Project.py:2954 - Created frame: backup_restore
2025-04-03 12:43:53,747 - INFO - The-Project.py:2954 - Created frame: send_notification
2025-04-03 12:43:54,060 - INFO - The-Project.py:2974 - setup_home_page completed successfully
2025-04-03 12:43:54,168 - INFO - The-Project.py:2974 - setup_add_page completed successfully
2025-04-03 12:43:54,209 - INFO - The-Project.py:2974 - setup_view_page completed successfully
2025-04-03 12:43:54,228 - INFO - The-Project.py:2974 - setup_manage_installments_page completed successfully
2025-04-03 12:43:54,271 - INFO - The-Project.py:2974 - setup_backup_restore_page completed successfully
2025-04-03 12:43:54,288 - INFO - The-Project.py:2974 - setup_send_notification_page completed successfully
2025-04-03 12:43:54,289 - INFO - The-Project.py:2691 - Starting automatic installment check
2025-04-03 12:43:54,289 - INFO - The-Project.py:2821 - Notification thread started
2025-04-03 12:43:54,289 - INFO - The-Project.py:2709 - Checking notifications for 1 customers
2025-04-03 12:43:54,289 - INFO - The-Project.py:388 - Application starting...
2025-04-03 12:43:54,289 - INFO - The-Project.py:2809 - Notification check completed. Success: 0, Failed: 0, Skipped: 1
2025-04-04 06:42:59,091 - INFO - The-Project.py:348 - Starting application initialization...
2025-04-04 06:42:59,620 - INFO - The-Project.py:361 - Appearance mode set successfully
2025-04-04 06:42:59,620 - INFO - The-Project.py:373 - Window centered successfully
2025-04-04 06:42:59,622 - INFO - The-Project.py:133 - Theme setup completed successfully
2025-04-04 06:42:59,622 - INFO - The-Project.py:3027 - Theme setup completed
2025-04-04 06:42:59,643 - INFO - The-Project.py:3050 - Created frame: home
2025-04-04 06:42:59,645 - INFO - The-Project.py:3050 - Created frame: add
2025-04-04 06:42:59,647 - INFO - The-Project.py:3050 - Created frame: delete
2025-04-04 06:42:59,649 - INFO - The-Project.py:3050 - Created frame: edit
2025-04-04 06:42:59,651 - INFO - The-Project.py:3050 - Created frame: view
2025-04-04 06:42:59,653 - INFO - The-Project.py:3050 - Created frame: manage_installments
2025-04-04 06:42:59,655 - INFO - The-Project.py:3050 - Created frame: backup_restore
2025-04-04 06:42:59,657 - INFO - The-Project.py:3050 - Created frame: send_notification
2025-04-04 06:43:00,269 - INFO - The-Project.py:3070 - setup_home_page completed successfully
2025-04-04 06:43:00,402 - INFO - The-Project.py:3070 - setup_add_page completed successfully
2025-04-04 06:43:00,449 - INFO - The-Project.py:3070 - setup_view_page completed successfully
2025-04-04 06:43:00,467 - INFO - The-Project.py:3070 - setup_manage_installments_page completed successfully
2025-04-04 06:43:00,510 - INFO - The-Project.py:3070 - setup_backup_restore_page completed successfully
2025-04-04 06:43:00,527 - INFO - The-Project.py:3070 - setup_send_notification_page completed successfully
2025-04-04 06:43:00,527 - INFO - The-Project.py:2787 - Starting automatic installment check
2025-04-04 06:43:00,527 - INFO - The-Project.py:2917 - Notification thread started
2025-04-04 06:43:00,528 - INFO - The-Project.py:2805 - Checking notifications for 1 customers
2025-04-04 06:43:00,528 - INFO - The-Project.py:388 - Application starting...
2025-04-04 06:43:00,528 - INFO - The-Project.py:2905 - Notification check completed. Success: 0, Failed: 0, Skipped: 1
2025-04-04 06:44:53,895 - INFO - The-Project.py:348 - Starting application initialization...
2025-04-04 06:44:54,029 - INFO - The-Project.py:361 - Appearance mode set successfully
2025-04-04 06:44:54,029 - INFO - The-Project.py:373 - Window centered successfully
2025-04-04 06:44:54,030 - INFO - The-Project.py:133 - Theme setup completed successfully
2025-04-04 06:44:54,031 - INFO - The-Project.py:2931 - Theme setup completed
2025-04-04 06:44:54,047 - INFO - The-Project.py:2954 - Created frame: home
2025-04-04 06:44:54,057 - INFO - The-Project.py:2954 - Created frame: add
2025-04-04 06:44:54,059 - INFO - The-Project.py:2954 - Created frame: delete
2025-04-04 06:44:54,061 - INFO - The-Project.py:2954 - Created frame: edit
2025-04-04 06:44:54,064 - INFO - The-Project.py:2954 - Created frame: view
2025-04-04 06:44:54,067 - INFO - The-Project.py:2954 - Created frame: manage_installments
2025-04-04 06:44:54,069 - INFO - The-Project.py:2954 - Created frame: backup_restore
2025-04-04 06:44:54,073 - INFO - The-Project.py:2954 - Created frame: send_notification
2025-04-04 06:44:54,373 - INFO - The-Project.py:2974 - setup_home_page completed successfully
2025-04-04 06:44:54,490 - INFO - The-Project.py:2974 - setup_add_page completed successfully
2025-04-04 06:44:54,537 - INFO - The-Project.py:2974 - setup_view_page completed successfully
2025-04-04 06:44:54,558 - INFO - The-Project.py:2974 - setup_manage_installments_page completed successfully
2025-04-04 06:44:54,605 - INFO - The-Project.py:2974 - setup_backup_restore_page completed successfully
2025-04-04 06:44:54,624 - INFO - The-Project.py:2974 - setup_send_notification_page completed successfully
2025-04-04 06:44:54,625 - INFO - The-Project.py:2691 - Starting automatic installment check
2025-04-04 06:44:54,625 - INFO - The-Project.py:2821 - Notification thread started
2025-04-04 06:44:54,625 - INFO - The-Project.py:2709 - Checking notifications for 1 customers
2025-04-04 06:44:54,625 - INFO - The-Project.py:388 - Application starting...
2025-04-04 06:44:54,626 - INFO - The-Project.py:2809 - Notification check completed. Success: 0, Failed: 0, Skipped: 1
2025-04-04 06:47:57,987 - INFO - The-Project.py:348 - Starting application initialization...
2025-04-04 06:47:58,100 - INFO - The-Project.py:361 - Appearance mode set successfully
2025-04-04 06:47:58,101 - INFO - The-Project.py:373 - Window centered successfully
2025-04-04 06:47:58,102 - INFO - The-Project.py:133 - Theme setup completed successfully
2025-04-04 06:47:58,102 - INFO - The-Project.py:2937 - Theme setup completed
2025-04-04 06:47:58,119 - INFO - The-Project.py:2960 - Created frame: home
2025-04-04 06:47:58,121 - INFO - The-Project.py:2960 - Created frame: add
2025-04-04 06:47:58,124 - INFO - The-Project.py:2960 - Created frame: delete
2025-04-04 06:47:58,126 - INFO - The-Project.py:2960 - Created frame: edit
2025-04-04 06:47:58,128 - INFO - The-Project.py:2960 - Created frame: view
2025-04-04 06:47:58,130 - INFO - The-Project.py:2960 - Created frame: manage_installments
2025-04-04 06:47:58,132 - INFO - The-Project.py:2960 - Created frame: backup_restore
2025-04-04 06:47:58,134 - INFO - The-Project.py:2960 - Created frame: send_notification
2025-04-04 06:47:58,417 - INFO - The-Project.py:2980 - setup_home_page completed successfully
2025-04-04 06:47:58,519 - INFO - The-Project.py:2980 - setup_add_page completed successfully
2025-04-04 06:47:58,560 - INFO - The-Project.py:2980 - setup_view_page completed successfully
2025-04-04 06:47:58,578 - INFO - The-Project.py:2980 - setup_manage_installments_page completed successfully
2025-04-04 06:47:58,622 - INFO - The-Project.py:2980 - setup_backup_restore_page completed successfully
2025-04-04 06:47:58,640 - INFO - The-Project.py:2980 - setup_send_notification_page completed successfully
2025-04-04 06:47:58,641 - INFO - The-Project.py:2691 - Starting automatic installment check
2025-04-04 06:47:58,641 - INFO - The-Project.py:2821 - Notification thread started
2025-04-04 06:47:58,641 - INFO - The-Project.py:2709 - Checking notifications for 1 customers
2025-04-04 06:47:58,642 - INFO - The-Project.py:388 - Application starting...
2025-04-04 06:47:58,642 - INFO - The-Project.py:2809 - Notification check completed. Success: 0, Failed: 0, Skipped: 1
2025-04-06 09:49:50,922 - INFO - The-Project.py:348 - Starting application initialization...
2025-04-06 09:49:51,037 - INFO - The-Project.py:361 - Appearance mode set successfully
2025-04-06 09:49:51,038 - INFO - The-Project.py:373 - Window centered successfully
2025-04-06 09:49:51,038 - INFO - The-Project.py:133 - Theme setup completed successfully
2025-04-06 09:49:51,039 - INFO - The-Project.py:2987 - Theme setup completed
2025-04-06 09:49:51,056 - INFO - The-Project.py:3010 - Created frame: home
2025-04-06 09:49:51,058 - INFO - The-Project.py:3010 - Created frame: add
2025-04-06 09:49:51,061 - INFO - The-Project.py:3010 - Created frame: delete
2025-04-06 09:49:51,064 - INFO - The-Project.py:3010 - Created frame: edit
2025-04-06 09:49:51,067 - INFO - The-Project.py:3010 - Created frame: view
2025-04-06 09:49:51,069 - INFO - The-Project.py:3010 - Created frame: manage_installments
2025-04-06 09:49:51,071 - INFO - The-Project.py:3010 - Created frame: backup_restore
2025-04-06 09:49:51,073 - INFO - The-Project.py:3010 - Created frame: send_notification
2025-04-06 09:49:51,423 - INFO - The-Project.py:3030 - setup_home_page completed successfully
2025-04-06 09:49:51,575 - INFO - The-Project.py:3030 - setup_add_page completed successfully
2025-04-06 09:49:51,641 - INFO - The-Project.py:3030 - setup_view_page completed successfully
2025-04-06 09:49:51,664 - INFO - The-Project.py:3030 - setup_manage_installments_page completed successfully
2025-04-06 09:49:51,718 - INFO - The-Project.py:3030 - setup_backup_restore_page completed successfully
2025-04-06 09:49:51,741 - INFO - The-Project.py:3030 - setup_send_notification_page completed successfully
2025-04-06 09:49:51,742 - INFO - The-Project.py:2741 - Starting automatic installment check
2025-04-06 09:49:51,742 - INFO - The-Project.py:2871 - Notification thread started
2025-04-06 09:49:51,742 - INFO - The-Project.py:2759 - Checking notifications for 1 customers
2025-04-06 09:49:51,742 - INFO - The-Project.py:388 - Application starting...
2025-04-06 09:49:51,743 - INFO - The-Project.py:2859 - Notification check completed. Success: 0, Failed: 0, Skipped: 1
2025-04-06 10:04:08,545 - INFO - The-Project.py:350 - Starting application initialization...
2025-04-06 10:04:08,694 - INFO - The-Project.py:363 - Appearance mode set successfully
2025-04-06 10:04:08,695 - INFO - The-Project.py:375 - Window centered successfully
2025-04-06 10:04:08,696 - INFO - The-Project.py:135 - Theme setup completed successfully
2025-04-06 10:04:08,696 - INFO - The-Project.py:2111 - Theme setup completed
2025-04-06 10:04:08,714 - INFO - The-Project.py:2134 - Created frame: home
2025-04-06 10:04:08,716 - INFO - The-Project.py:2134 - Created frame: add
2025-04-06 10:04:08,719 - INFO - The-Project.py:2134 - Created frame: delete
2025-04-06 10:04:08,721 - INFO - The-Project.py:2134 - Created frame: edit
2025-04-06 10:04:08,724 - INFO - The-Project.py:2134 - Created frame: view
2025-04-06 10:04:08,727 - INFO - The-Project.py:2134 - Created frame: manage_installments
2025-04-06 10:04:08,729 - INFO - The-Project.py:2134 - Created frame: backup_restore
2025-04-06 10:04:08,731 - INFO - The-Project.py:2134 - Created frame: send_notification
2025-04-06 10:04:08,738 - CRITICAL - The-Project.py:2166 - Application failed to start: name 'setup_view_page' is not defined
Traceback (most recent call last):
  File "D:\installments project\The-Project.py", line 2143, in <module>
    ("setup_view_page", setup_view_page),
                        ^^^^^^^^^^^^^^^
NameError: name 'setup_view_page' is not defined. Did you mean: 'setup_home_page'?

2025-04-06 10:48:33,300 - INFO - The-Project.py:350 - Starting application initialization...
2025-04-06 10:48:33,424 - INFO - The-Project.py:363 - Appearance mode set successfully
2025-04-06 10:48:33,424 - INFO - The-Project.py:375 - Window centered successfully
2025-04-06 10:48:33,426 - INFO - The-Project.py:135 - Theme setup completed successfully
2025-04-06 10:48:33,426 - INFO - The-Project.py:3354 - Theme setup completed
2025-04-06 10:48:33,439 - INFO - The-Project.py:3377 - Created frame: home
2025-04-06 10:48:33,442 - INFO - The-Project.py:3377 - Created frame: add
2025-04-06 10:48:33,446 - INFO - The-Project.py:3377 - Created frame: delete
2025-04-06 10:48:33,449 - INFO - The-Project.py:3377 - Created frame: edit
2025-04-06 10:48:33,453 - INFO - The-Project.py:3377 - Created frame: view
2025-04-06 10:48:33,455 - INFO - The-Project.py:3377 - Created frame: manage_installments
2025-04-06 10:48:33,458 - INFO - The-Project.py:3377 - Created frame: backup_restore
2025-04-06 10:48:33,461 - INFO - The-Project.py:3377 - Created frame: send_notification
2025-04-06 10:48:33,892 - INFO - The-Project.py:3397 - setup_home_page completed successfully
2025-04-06 10:48:34,026 - INFO - The-Project.py:3397 - setup_add_page completed successfully
2025-04-06 10:48:34,093 - INFO - The-Project.py:3397 - setup_view_page completed successfully
2025-04-06 10:48:34,121 - INFO - The-Project.py:3397 - setup_manage_installments_page completed successfully
2025-04-06 10:48:34,185 - INFO - The-Project.py:3397 - setup_backup_restore_page completed successfully
2025-04-06 10:48:34,212 - INFO - The-Project.py:3397 - setup_send_notification_page completed successfully
2025-04-06 10:48:34,213 - INFO - The-Project.py:1586 - Starting automatic installment check
2025-04-06 10:48:34,213 - INFO - The-Project.py:1716 - Notification thread started
2025-04-06 10:48:34,213 - INFO - The-Project.py:1604 - Checking notifications for 1 customers
2025-04-06 10:48:34,213 - INFO - The-Project.py:390 - Application starting...
2025-04-06 10:48:34,213 - INFO - The-Project.py:1704 - Notification check completed. Success: 0, Failed: 0, Skipped: 1
2025-04-06 10:54:14,517 - ERROR - The-Project.py:958 - Error marking installments as paid: 'CSVManager' object has no attribute 'mark_installment_as_paid'
2025-04-06 10:54:17,200 - ERROR - The-Project.py:958 - Error marking installments as paid: 'CSVManager' object has no attribute 'mark_installment_as_paid'
2025-04-06 10:55:29,511 - INFO - The-Project.py:350 - Starting application initialization...
2025-04-06 10:55:29,665 - INFO - The-Project.py:363 - Appearance mode set successfully
2025-04-06 10:55:29,666 - INFO - The-Project.py:375 - Window centered successfully
2025-04-06 10:55:29,667 - INFO - The-Project.py:135 - Theme setup completed successfully
2025-04-06 10:55:29,668 - INFO - The-Project.py:3386 - Theme setup completed
2025-04-06 10:55:29,693 - INFO - The-Project.py:3409 - Created frame: home
2025-04-06 10:55:29,697 - INFO - The-Project.py:3409 - Created frame: add
2025-04-06 10:55:29,701 - INFO - The-Project.py:3409 - Created frame: delete
2025-04-06 10:55:29,705 - INFO - The-Project.py:3409 - Created frame: edit
2025-04-06 10:55:29,710 - INFO - The-Project.py:3409 - Created frame: view
2025-04-06 10:55:29,713 - INFO - The-Project.py:3409 - Created frame: manage_installments
2025-04-06 10:55:29,717 - INFO - The-Project.py:3409 - Created frame: backup_restore
2025-04-06 10:55:29,720 - INFO - The-Project.py:3409 - Created frame: send_notification
2025-04-06 10:55:30,288 - INFO - The-Project.py:3429 - setup_home_page completed successfully
2025-04-06 10:55:30,482 - INFO - The-Project.py:3429 - setup_add_page completed successfully
2025-04-06 10:55:30,543 - INFO - The-Project.py:3429 - setup_view_page completed successfully
2025-04-06 10:55:30,572 - INFO - The-Project.py:3429 - setup_manage_installments_page completed successfully
2025-04-06 10:55:30,642 - INFO - The-Project.py:3429 - setup_backup_restore_page completed successfully
2025-04-06 10:55:30,672 - INFO - The-Project.py:3429 - setup_send_notification_page completed successfully
2025-04-06 10:55:30,673 - INFO - The-Project.py:1618 - Starting automatic installment check
2025-04-06 10:55:30,673 - INFO - The-Project.py:1748 - Notification thread started
2025-04-06 10:55:30,673 - INFO - The-Project.py:1636 - Checking notifications for 1 customers
2025-04-06 10:55:30,673 - INFO - The-Project.py:390 - Application starting...
2025-04-06 10:55:30,673 - INFO - The-Project.py:1736 - Notification check completed. Success: 0, Failed: 0, Skipped: 1
2025-04-06 11:02:25,064 - INFO - The-Project.py:348 - Starting application initialization...
2025-04-06 11:02:25,169 - INFO - The-Project.py:361 - Appearance mode set successfully
2025-04-06 11:02:25,169 - INFO - The-Project.py:373 - Window centered successfully
2025-04-06 11:02:25,170 - INFO - The-Project.py:133 - Theme setup completed successfully
2025-04-06 11:02:25,170 - INFO - The-Project.py:3209 - Theme setup completed
2025-04-06 11:02:25,188 - INFO - The-Project.py:3232 - Created frame: home
2025-04-06 11:02:25,190 - INFO - The-Project.py:3232 - Created frame: add
2025-04-06 11:02:25,192 - INFO - The-Project.py:3232 - Created frame: delete
2025-04-06 11:02:25,194 - INFO - The-Project.py:3232 - Created frame: edit
2025-04-06 11:02:25,196 - INFO - The-Project.py:3232 - Created frame: view
2025-04-06 11:02:25,199 - INFO - The-Project.py:3232 - Created frame: manage_installments
2025-04-06 11:02:25,201 - INFO - The-Project.py:3232 - Created frame: backup_restore
2025-04-06 11:02:25,204 - INFO - The-Project.py:3232 - Created frame: send_notification
2025-04-06 11:02:25,541 - INFO - The-Project.py:3252 - setup_home_page completed successfully
2025-04-06 11:02:25,674 - INFO - The-Project.py:3252 - setup_add_page completed successfully
2025-04-06 11:02:25,727 - INFO - The-Project.py:3252 - setup_view_page completed successfully
2025-04-06 11:02:25,754 - INFO - The-Project.py:3252 - setup_manage_installments_page completed successfully
2025-04-06 11:02:25,810 - INFO - The-Project.py:3252 - setup_backup_restore_page completed successfully
2025-04-06 11:02:25,833 - INFO - The-Project.py:3252 - setup_send_notification_page completed successfully
2025-04-06 11:02:25,833 - INFO - The-Project.py:2963 - Starting automatic installment check
2025-04-06 11:02:25,833 - INFO - The-Project.py:3093 - Notification thread started
2025-04-06 11:02:25,834 - INFO - The-Project.py:2981 - Checking notifications for 1 customers
2025-04-06 11:02:25,834 - INFO - The-Project.py:388 - Application starting...
2025-04-06 11:02:25,834 - INFO - The-Project.py:3081 - Notification check completed. Success: 0, Failed: 0, Skipped: 1
2025-04-06 11:05:59,740 - ERROR - The-Project.py:2357 - Error opening edit installment window: name 'tk' is not defined
2025-04-06 11:06:06,150 - ERROR - The-Project.py:2357 - Error opening edit installment window: name 'tk' is not defined
2025-04-06 11:06:56,820 - ERROR - The-Project.py:2357 - Error opening edit installment window: name 'tk' is not defined
2025-04-06 11:07:38,362 - INFO - The-Project.py:349 - Starting application initialization...
2025-04-06 11:07:38,490 - INFO - The-Project.py:362 - Appearance mode set successfully
2025-04-06 11:07:38,490 - INFO - The-Project.py:374 - Window centered successfully
2025-04-06 11:07:38,491 - INFO - The-Project.py:134 - Theme setup completed successfully
2025-04-06 11:07:38,492 - INFO - The-Project.py:3210 - Theme setup completed
2025-04-06 11:07:38,508 - INFO - The-Project.py:3233 - Created frame: home
2025-04-06 11:07:38,511 - INFO - The-Project.py:3233 - Created frame: add
2025-04-06 11:07:38,513 - INFO - The-Project.py:3233 - Created frame: delete
2025-04-06 11:07:38,516 - INFO - The-Project.py:3233 - Created frame: edit
2025-04-06 11:07:38,518 - INFO - The-Project.py:3233 - Created frame: view
2025-04-06 11:07:38,520 - INFO - The-Project.py:3233 - Created frame: manage_installments
2025-04-06 11:07:38,522 - INFO - The-Project.py:3233 - Created frame: backup_restore
2025-04-06 11:07:38,524 - INFO - The-Project.py:3233 - Created frame: send_notification
2025-04-06 11:07:38,938 - INFO - The-Project.py:3253 - setup_home_page completed successfully
2025-04-06 11:07:39,065 - INFO - The-Project.py:3253 - setup_add_page completed successfully
2025-04-06 11:07:39,112 - INFO - The-Project.py:3253 - setup_view_page completed successfully
2025-04-06 11:07:39,136 - INFO - The-Project.py:3253 - setup_manage_installments_page completed successfully
2025-04-06 11:07:39,190 - INFO - The-Project.py:3253 - setup_backup_restore_page completed successfully
2025-04-06 11:07:39,210 - INFO - The-Project.py:3253 - setup_send_notification_page completed successfully
2025-04-06 11:07:39,210 - INFO - The-Project.py:2964 - Starting automatic installment check
2025-04-06 11:07:39,210 - INFO - The-Project.py:3094 - Notification thread started
2025-04-06 11:07:39,211 - INFO - The-Project.py:2982 - Checking notifications for 1 customers
2025-04-06 11:07:39,211 - INFO - The-Project.py:389 - Application starting...
2025-04-06 11:07:39,211 - INFO - The-Project.py:3082 - Notification check completed. Success: 0, Failed: 0, Skipped: 1
2025-04-06 11:08:18,239 - INFO - The-Project.py:674 - Backup created: backups\backup_20250406_110818.csv
2025-04-06 11:21:24,244 - INFO - The-Project.py:349 - Starting application initialization...
2025-04-06 11:21:24,378 - INFO - The-Project.py:362 - Appearance mode set successfully
2025-04-06 11:21:24,379 - INFO - The-Project.py:374 - Window centered successfully
2025-04-06 11:21:24,380 - INFO - The-Project.py:134 - Theme setup completed successfully
2025-04-06 11:21:24,380 - INFO - The-Project.py:3409 - Theme setup completed
2025-04-06 11:21:24,405 - INFO - The-Project.py:3432 - Created frame: home
2025-04-06 11:21:24,408 - INFO - The-Project.py:3432 - Created frame: add
2025-04-06 11:21:24,411 - INFO - The-Project.py:3432 - Created frame: delete
2025-04-06 11:21:24,415 - INFO - The-Project.py:3432 - Created frame: edit
2025-04-06 11:21:24,418 - INFO - The-Project.py:3432 - Created frame: view
2025-04-06 11:21:24,421 - INFO - The-Project.py:3432 - Created frame: manage_installments
2025-04-06 11:21:24,424 - INFO - The-Project.py:3432 - Created frame: backup_restore
2025-04-06 11:21:24,428 - INFO - The-Project.py:3432 - Created frame: send_notification
2025-04-06 11:21:24,898 - INFO - The-Project.py:3452 - setup_home_page completed successfully
2025-04-06 11:21:25,012 - INFO - The-Project.py:3452 - setup_add_page completed successfully
2025-04-06 11:21:25,058 - INFO - The-Project.py:3452 - setup_view_page completed successfully
2025-04-06 11:21:25,079 - INFO - The-Project.py:3452 - setup_manage_installments_page completed successfully
2025-04-06 11:21:25,126 - INFO - The-Project.py:3452 - setup_backup_restore_page completed successfully
2025-04-06 11:21:25,146 - INFO - The-Project.py:3452 - setup_send_notification_page completed successfully
2025-04-06 11:21:25,147 - INFO - The-Project.py:3163 - Starting automatic installment check
2025-04-06 11:21:25,147 - INFO - The-Project.py:3293 - Notification thread started
2025-04-06 11:21:25,147 - INFO - The-Project.py:3181 - Checking notifications for 1 customers
2025-04-06 11:21:25,148 - INFO - The-Project.py:389 - Application starting...
2025-04-06 11:21:25,148 - INFO - The-Project.py:3281 - Notification check completed. Success: 0, Failed: 0, Skipped: 1
2025-04-06 11:21:51,755 - INFO - The-Project.py:349 - Starting application initialization...
2025-04-06 11:21:51,924 - INFO - The-Project.py:362 - Appearance mode set successfully
2025-04-06 11:21:51,925 - INFO - The-Project.py:374 - Window centered successfully
2025-04-06 11:21:51,926 - INFO - The-Project.py:134 - Theme setup completed successfully
2025-04-06 11:21:51,927 - INFO - The-Project.py:3210 - Theme setup completed
2025-04-06 11:21:51,959 - INFO - The-Project.py:3233 - Created frame: home
2025-04-06 11:21:51,964 - INFO - The-Project.py:3233 - Created frame: add
2025-04-06 11:21:51,970 - INFO - The-Project.py:3233 - Created frame: delete
2025-04-06 11:21:51,975 - INFO - The-Project.py:3233 - Created frame: edit
2025-04-06 11:21:51,981 - INFO - The-Project.py:3233 - Created frame: view
2025-04-06 11:21:51,988 - INFO - The-Project.py:3233 - Created frame: manage_installments
2025-04-06 11:21:51,991 - INFO - The-Project.py:3233 - Created frame: backup_restore
2025-04-06 11:21:51,996 - INFO - The-Project.py:3233 - Created frame: send_notification
2025-04-06 11:21:52,345 - INFO - The-Project.py:3253 - setup_home_page completed successfully
2025-04-06 11:21:52,502 - INFO - The-Project.py:3253 - setup_add_page completed successfully
2025-04-06 11:21:52,561 - INFO - The-Project.py:3253 - setup_view_page completed successfully
2025-04-06 11:21:52,592 - INFO - The-Project.py:3253 - setup_manage_installments_page completed successfully
2025-04-06 11:21:52,642 - INFO - The-Project.py:3253 - setup_backup_restore_page completed successfully
2025-04-06 11:21:52,665 - INFO - The-Project.py:3253 - setup_send_notification_page completed successfully
2025-04-06 11:21:52,666 - INFO - The-Project.py:2964 - Starting automatic installment check
2025-04-06 11:21:52,666 - INFO - The-Project.py:3094 - Notification thread started
2025-04-06 11:21:52,666 - INFO - The-Project.py:2982 - Checking notifications for 1 customers
2025-04-06 11:21:52,666 - INFO - The-Project.py:389 - Application starting...
2025-04-06 11:21:52,667 - INFO - The-Project.py:3082 - Notification check completed. Success: 0, Failed: 0, Skipped: 1
2025-04-06 11:27:30,069 - INFO - The-Project.py:349 - Starting application initialization...
2025-04-06 11:27:30,191 - INFO - The-Project.py:362 - Appearance mode set successfully
2025-04-06 11:27:30,191 - INFO - The-Project.py:374 - Window centered successfully
2025-04-06 11:27:30,193 - INFO - The-Project.py:134 - Theme setup completed successfully
2025-04-06 11:27:30,193 - INFO - The-Project.py:3210 - Theme setup completed
2025-04-06 11:27:30,217 - INFO - The-Project.py:3233 - Created frame: home
2025-04-06 11:27:30,221 - INFO - The-Project.py:3233 - Created frame: add
2025-04-06 11:27:30,224 - INFO - The-Project.py:3233 - Created frame: delete
2025-04-06 11:27:30,228 - INFO - The-Project.py:3233 - Created frame: edit
2025-04-06 11:27:30,230 - INFO - The-Project.py:3233 - Created frame: view
2025-04-06 11:27:30,233 - INFO - The-Project.py:3233 - Created frame: manage_installments
2025-04-06 11:27:30,236 - INFO - The-Project.py:3233 - Created frame: backup_restore
2025-04-06 11:27:30,239 - INFO - The-Project.py:3233 - Created frame: send_notification
2025-04-06 11:27:30,672 - INFO - The-Project.py:3253 - setup_home_page completed successfully
2025-04-06 11:27:30,867 - INFO - The-Project.py:3253 - setup_add_page completed successfully
2025-04-06 11:27:30,940 - INFO - The-Project.py:3253 - setup_view_page completed successfully
2025-04-06 11:27:30,989 - INFO - The-Project.py:3253 - setup_manage_installments_page completed successfully
2025-04-06 11:27:31,058 - INFO - The-Project.py:3253 - setup_backup_restore_page completed successfully
2025-04-06 11:27:31,082 - INFO - The-Project.py:3253 - setup_send_notification_page completed successfully
2025-04-06 11:27:31,083 - INFO - The-Project.py:2964 - Starting automatic installment check
2025-04-06 11:27:31,083 - INFO - The-Project.py:3094 - Notification thread started
2025-04-06 11:27:31,083 - INFO - The-Project.py:2982 - Checking notifications for 1 customers
2025-04-06 11:27:31,084 - INFO - The-Project.py:389 - Application starting...
2025-04-06 11:27:31,084 - INFO - The-Project.py:3082 - Notification check completed. Success: 0, Failed: 0, Skipped: 1
2025-04-06 11:28:24,472 - INFO - The-Project.py:674 - Backup created: backups\backup_20250406_112824.csv
2025-04-06 11:28:24,473 - INFO - The-Project.py:245 - Created customer directory: customer_files\hassan elsayed
2025-04-06 11:28:24,475 - INFO - The-Project.py:271 - Added file Picture1-Copy.jpg for customer hassan elsayed
2025-04-06 11:28:24,488 - INFO - The-Project.py:271 - Added file Picture1.jpg for customer hassan elsayed
2025-04-06 11:28:24,491 - INFO - The-Project.py:271 - Added file Screenshot2024-01-31050433-Copy.png for customer hassan elsayed
2025-04-06 11:28:24,494 - INFO - The-Project.py:271 - Added file Screenshot2024-01-31050433.png for customer hassan elsayed
2025-04-06 11:28:24,494 - INFO - The-Project.py:928 - Files added for customer hassan elsayed
2025-04-06 11:29:08,462 - INFO - The-Project.py:674 - Backup created: backups\backup_20250406_112908.csv
2025-04-06 11:29:10,192 - INFO - The-Project.py:2889 - Manual notification sent to hassan elsayed at +201120530157
2025-04-06 11:29:10,835 - ERROR - The-Project.py:2913 - Unexpected error in send_message: bad window path name ".!ctktoplevel4.!ctkframe4"
2025-04-06 11:34:50,329 - INFO - The-Project.py:350 - Starting application initialization...
2025-04-06 11:34:50,451 - INFO - The-Project.py:363 - Appearance mode set successfully
2025-04-06 11:34:50,451 - INFO - The-Project.py:375 - Window centered successfully
2025-04-06 11:34:50,453 - INFO - The-Project.py:135 - Theme setup completed successfully
2025-04-06 11:34:50,453 - INFO - The-Project.py:3244 - Theme setup completed
2025-04-06 11:34:50,472 - INFO - The-Project.py:3267 - Created frame: home
2025-04-06 11:34:50,474 - INFO - The-Project.py:3267 - Created frame: add
2025-04-06 11:34:50,476 - INFO - The-Project.py:3267 - Created frame: delete
2025-04-06 11:34:50,478 - INFO - The-Project.py:3267 - Created frame: edit
2025-04-06 11:34:50,480 - INFO - The-Project.py:3267 - Created frame: view
2025-04-06 11:34:50,482 - INFO - The-Project.py:3267 - Created frame: manage_installments
2025-04-06 11:34:50,484 - INFO - The-Project.py:3267 - Created frame: backup_restore
2025-04-06 11:34:50,486 - INFO - The-Project.py:3267 - Created frame: send_notification
2025-04-06 11:34:50,871 - INFO - The-Project.py:3287 - setup_home_page completed successfully
2025-04-06 11:34:50,997 - INFO - The-Project.py:3287 - setup_add_page completed successfully
2025-04-06 11:34:51,041 - INFO - The-Project.py:3287 - setup_view_page completed successfully
2025-04-06 11:34:51,062 - INFO - The-Project.py:3287 - setup_manage_installments_page completed successfully
2025-04-06 11:34:51,106 - INFO - The-Project.py:3287 - setup_backup_restore_page completed successfully
2025-04-06 11:34:51,125 - INFO - The-Project.py:3287 - setup_send_notification_page completed successfully
2025-04-06 11:34:51,126 - INFO - The-Project.py:2998 - Starting automatic installment check
2025-04-06 11:34:51,126 - INFO - The-Project.py:3128 - Notification thread started
2025-04-06 11:34:51,126 - INFO - The-Project.py:3016 - Checking notifications for 2 customers
2025-04-06 11:34:51,127 - INFO - The-Project.py:390 - Application starting...
2025-04-06 11:34:51,127 - INFO - The-Project.py:3116 - Notification check completed. Success: 0, Failed: 0, Skipped: 2
2025-04-06 11:35:02,976 - INFO - The-Project.py:675 - Backup created: backups\backup_20250406_113502.csv
2025-04-06 11:35:03,985 - INFO - The-Project.py:2908 - Manual notification sent to hassan elsayed at +201120530157
2025-04-06 11:38:56,638 - INFO - The-Project.py:350 - Starting application initialization...
2025-04-06 11:38:56,756 - INFO - The-Project.py:363 - Appearance mode set successfully
2025-04-06 11:38:56,756 - INFO - The-Project.py:375 - Window centered successfully
2025-04-06 11:38:56,757 - INFO - The-Project.py:135 - Theme setup completed successfully
2025-04-06 11:38:56,758 - INFO - The-Project.py:3255 - Theme setup completed
2025-04-06 11:38:56,774 - INFO - The-Project.py:3278 - Created frame: home
2025-04-06 11:38:56,776 - INFO - The-Project.py:3278 - Created frame: add
2025-04-06 11:38:56,778 - INFO - The-Project.py:3278 - Created frame: delete
2025-04-06 11:38:56,780 - INFO - The-Project.py:3278 - Created frame: edit
2025-04-06 11:38:56,782 - INFO - The-Project.py:3278 - Created frame: view
2025-04-06 11:38:56,784 - INFO - The-Project.py:3278 - Created frame: manage_installments
2025-04-06 11:38:56,786 - INFO - The-Project.py:3278 - Created frame: backup_restore
2025-04-06 11:38:56,788 - INFO - The-Project.py:3278 - Created frame: send_notification
2025-04-06 11:38:57,164 - INFO - The-Project.py:3298 - setup_home_page completed successfully
2025-04-06 11:38:57,274 - INFO - The-Project.py:3298 - setup_add_page completed successfully
2025-04-06 11:38:57,317 - INFO - The-Project.py:3298 - setup_view_page completed successfully
2025-04-06 11:38:57,338 - INFO - The-Project.py:3298 - setup_manage_installments_page completed successfully
2025-04-06 11:38:57,381 - INFO - The-Project.py:3298 - setup_backup_restore_page completed successfully
2025-04-06 11:38:57,399 - INFO - The-Project.py:3298 - setup_send_notification_page completed successfully
2025-04-06 11:38:57,400 - INFO - The-Project.py:3009 - Starting automatic installment check
2025-04-06 11:38:57,400 - INFO - The-Project.py:3139 - Notification thread started
2025-04-06 11:38:57,400 - INFO - The-Project.py:3027 - Checking notifications for 2 customers
2025-04-06 11:38:57,400 - INFO - The-Project.py:390 - Application starting...
2025-04-06 11:38:57,400 - INFO - The-Project.py:3127 - Notification check completed. Success: 0, Failed: 0, Skipped: 2
2025-04-06 11:39:15,710 - INFO - The-Project.py:679 - Backup created: backups\backup_20250406_113915.csv
2025-04-06 11:39:15,711 - ERROR - The-Project.py:549 - Error saving data: dict contains fields not in fieldnames: 'Notified_Installments'
2025-04-06 11:39:24,144 - INFO - The-Project.py:679 - Backup created: backups\backup_20250406_113924.csv
2025-04-06 11:39:24,146 - ERROR - The-Project.py:549 - Error saving data: dict contains fields not in fieldnames: 'Notified_Installments'
2025-04-06 11:39:32,580 - INFO - The-Project.py:679 - Backup created: backups\backup_20250406_113932.csv
2025-04-06 11:39:32,581 - ERROR - The-Project.py:549 - Error saving data: dict contains fields not in fieldnames: 'Notified_Installments'
2025-04-06 17:28:18,514 - INFO - The-Project.py:350 - Starting application initialization...
2025-04-06 17:28:18,656 - INFO - The-Project.py:363 - Appearance mode set successfully
2025-04-06 17:28:18,656 - INFO - The-Project.py:375 - Window centered successfully
2025-04-06 17:28:18,657 - INFO - The-Project.py:135 - Theme setup completed successfully
2025-04-06 17:28:18,657 - INFO - The-Project.py:3244 - Theme setup completed
2025-04-06 17:28:18,677 - INFO - The-Project.py:3267 - Created frame: home
2025-04-06 17:28:18,679 - INFO - The-Project.py:3267 - Created frame: add
2025-04-06 17:28:18,681 - INFO - The-Project.py:3267 - Created frame: delete
2025-04-06 17:28:18,683 - INFO - The-Project.py:3267 - Created frame: edit
2025-04-06 17:28:18,685 - INFO - The-Project.py:3267 - Created frame: view
2025-04-06 17:28:18,687 - INFO - The-Project.py:3267 - Created frame: manage_installments
2025-04-06 17:28:18,689 - INFO - The-Project.py:3267 - Created frame: backup_restore
2025-04-06 17:28:18,691 - INFO - The-Project.py:3267 - Created frame: send_notification
2025-04-06 17:28:19,127 - INFO - The-Project.py:3287 - setup_home_page completed successfully
2025-04-06 17:28:19,254 - INFO - The-Project.py:3287 - setup_add_page completed successfully
2025-04-06 17:28:19,310 - INFO - The-Project.py:3287 - setup_view_page completed successfully
2025-04-06 17:28:19,336 - INFO - The-Project.py:3287 - setup_manage_installments_page completed successfully
2025-04-06 17:28:19,387 - INFO - The-Project.py:3287 - setup_backup_restore_page completed successfully
2025-04-06 17:28:19,410 - INFO - The-Project.py:3287 - setup_send_notification_page completed successfully
2025-04-06 17:28:19,411 - INFO - The-Project.py:2998 - Starting automatic installment check
2025-04-06 17:28:19,411 - INFO - The-Project.py:3128 - Notification thread started
2025-04-06 17:28:19,411 - INFO - The-Project.py:390 - Application starting...
2025-04-06 17:28:19,412 - INFO - The-Project.py:3003 - No customer data found for notifications
2025-04-06 17:28:55,481 - INFO - The-Project.py:675 - Backup created: backups\backup_20250406_172855.csv
2025-04-06 17:29:17,645 - INFO - The-Project.py:675 - Backup created: backups\backup_20250406_172917.csv
2025-04-06 17:29:17,647 - INFO - The-Project.py:246 - Created customer directory: customer_files\qwertgyhgjukhytgfr
2025-04-06 17:29:17,669 - INFO - The-Project.py:272 - Added file Screenshot2024-10-30161708.png for customer qwertgyhgjukhytgfr
2025-04-06 17:29:17,671 - INFO - The-Project.py:272 - Added file Screenshot2024-11-15190137.png for customer qwertgyhgjukhytgfr
2025-04-06 17:29:17,673 - INFO - The-Project.py:272 - Added file Screenshot2024-12-10015221-Copy.png for customer qwertgyhgjukhytgfr
2025-04-06 17:29:17,673 - INFO - The-Project.py:929 - Files added for customer qwertgyhgjukhytgfr
2025-04-06 17:29:29,810 - INFO - The-Project.py:350 - Starting application initialization...
2025-04-06 17:29:29,927 - INFO - The-Project.py:363 - Appearance mode set successfully
2025-04-06 17:29:29,928 - INFO - The-Project.py:375 - Window centered successfully
2025-04-06 17:29:29,929 - INFO - The-Project.py:135 - Theme setup completed successfully
2025-04-06 17:29:29,929 - INFO - The-Project.py:3244 - Theme setup completed
2025-04-06 17:29:29,945 - INFO - The-Project.py:3267 - Created frame: home
2025-04-06 17:29:29,948 - INFO - The-Project.py:3267 - Created frame: add
2025-04-06 17:29:29,950 - INFO - The-Project.py:3267 - Created frame: delete
2025-04-06 17:29:29,952 - INFO - The-Project.py:3267 - Created frame: edit
2025-04-06 17:29:29,954 - INFO - The-Project.py:3267 - Created frame: view
2025-04-06 17:29:29,956 - INFO - The-Project.py:3267 - Created frame: manage_installments
2025-04-06 17:29:29,958 - INFO - The-Project.py:3267 - Created frame: backup_restore
2025-04-06 17:29:29,961 - INFO - The-Project.py:3267 - Created frame: send_notification
2025-04-06 17:29:30,308 - INFO - The-Project.py:3287 - setup_home_page completed successfully
2025-04-06 17:29:30,468 - INFO - The-Project.py:3287 - setup_add_page completed successfully
2025-04-06 17:29:30,530 - INFO - The-Project.py:3287 - setup_view_page completed successfully
2025-04-06 17:29:30,555 - INFO - The-Project.py:3287 - setup_manage_installments_page completed successfully
2025-04-06 17:29:30,600 - INFO - The-Project.py:3287 - setup_backup_restore_page completed successfully
2025-04-06 17:29:30,618 - INFO - The-Project.py:3287 - setup_send_notification_page completed successfully
2025-04-06 17:29:30,619 - INFO - The-Project.py:2998 - Starting automatic installment check
2025-04-06 17:29:30,619 - INFO - The-Project.py:3128 - Notification thread started
2025-04-06 17:29:30,619 - INFO - The-Project.py:3016 - Checking notifications for 1 customers
2025-04-06 17:29:30,619 - INFO - The-Project.py:390 - Application starting...
2025-04-06 17:29:30,620 - INFO - The-Project.py:3116 - Notification check completed. Success: 0, Failed: 0, Skipped: 0
2025-04-06 17:29:38,449 - INFO - The-Project.py:675 - Backup created: backups\backup_20250406_172938.csv
2025-04-06 17:29:51,540 - INFO - The-Project.py:350 - Starting application initialization...
2025-04-06 17:29:51,673 - INFO - The-Project.py:363 - Appearance mode set successfully
2025-04-06 17:29:51,674 - INFO - The-Project.py:375 - Window centered successfully
2025-04-06 17:29:51,675 - INFO - The-Project.py:135 - Theme setup completed successfully
2025-04-06 17:29:51,676 - INFO - The-Project.py:3244 - Theme setup completed
2025-04-06 17:29:51,692 - INFO - The-Project.py:3267 - Created frame: home
2025-04-06 17:29:51,694 - INFO - The-Project.py:3267 - Created frame: add
2025-04-06 17:29:51,696 - INFO - The-Project.py:3267 - Created frame: delete
2025-04-06 17:29:51,698 - INFO - The-Project.py:3267 - Created frame: edit
2025-04-06 17:29:51,701 - INFO - The-Project.py:3267 - Created frame: view
2025-04-06 17:29:51,703 - INFO - The-Project.py:3267 - Created frame: manage_installments
2025-04-06 17:29:51,706 - INFO - The-Project.py:3267 - Created frame: backup_restore
2025-04-06 17:29:51,708 - INFO - The-Project.py:3267 - Created frame: send_notification
2025-04-06 17:29:52,089 - INFO - The-Project.py:3287 - setup_home_page completed successfully
2025-04-06 17:29:52,251 - INFO - The-Project.py:3287 - setup_add_page completed successfully
2025-04-06 17:29:52,314 - INFO - The-Project.py:3287 - setup_view_page completed successfully
2025-04-06 17:29:52,335 - INFO - The-Project.py:3287 - setup_manage_installments_page completed successfully
2025-04-06 17:29:52,380 - INFO - The-Project.py:3287 - setup_backup_restore_page completed successfully
2025-04-06 17:29:52,399 - INFO - The-Project.py:3287 - setup_send_notification_page completed successfully
2025-04-06 17:29:52,399 - INFO - The-Project.py:2998 - Starting automatic installment check
2025-04-06 17:29:52,399 - INFO - The-Project.py:3128 - Notification thread started
2025-04-06 17:29:52,400 - INFO - The-Project.py:3016 - Checking notifications for 1 customers
2025-04-06 17:29:52,400 - INFO - The-Project.py:390 - Application starting...
2025-04-06 17:29:52,401 - INFO - The-Project.py:3116 - Notification check completed. Success: 0, Failed: 0, Skipped: 0
2025-04-06 17:31:09,055 - INFO - The-Project.py:675 - Backup created: backups\backup_20250406_173109.csv
2025-04-06 17:31:09,057 - INFO - The-Project.py:246 - Created customer directory: customer_files\ziad
2025-04-06 17:31:09,057 - INFO - The-Project.py:929 - Files added for customer ziad
2025-04-06 17:31:23,423 - INFO - The-Project.py:675 - Backup created: backups\backup_20250406_173123.csv
2025-04-06 17:31:28,501 - INFO - The-Project.py:675 - Backup created: backups\backup_20250406_173128.csv
2025-04-06 17:32:25,767 - INFO - The-Project.py:675 - Backup created: backups\backup_20250406_173225.csv
2025-04-06 17:32:27,768 - INFO - The-Project.py:2908 - Manual notification sent to qwertgyhgjukhytgfr at +324556243435
2025-04-06 17:33:06,899 - INFO - The-Project.py:675 - Backup created: backups\backup_20250406_173306.csv
2025-04-06 17:33:08,536 - INFO - The-Project.py:2908 - Manual notification sent to ziad at +201032197592
2025-04-06 17:33:45,090 - INFO - The-Project.py:675 - Backup created: backups\backup_20250406_173345.csv
2025-04-06 17:33:55,646 - INFO - The-Project.py:2908 - Manual notification sent to ziad at +201032197592
2025-04-06 17:35:47,580 - INFO - The-Project.py:675 - Backup created: backups\backup_20250406_173547.csv
2025-04-07 10:15:04,952 - INFO - The-Project.py:350 - Starting application initialization...
2025-04-07 10:15:05,810 - INFO - The-Project.py:363 - Appearance mode set successfully
2025-04-07 10:15:05,810 - INFO - The-Project.py:375 - Window centered successfully
2025-04-07 10:15:05,811 - INFO - The-Project.py:135 - Theme setup completed successfully
2025-04-07 10:15:05,812 - INFO - The-Project.py:3232 - Theme setup completed
2025-04-07 10:15:05,837 - INFO - The-Project.py:3255 - Created frame: home
2025-04-07 10:15:05,839 - INFO - The-Project.py:3255 - Created frame: add
2025-04-07 10:15:05,842 - INFO - The-Project.py:3255 - Created frame: delete
2025-04-07 10:15:05,845 - INFO - The-Project.py:3255 - Created frame: edit
2025-04-07 10:15:05,847 - INFO - The-Project.py:3255 - Created frame: view
2025-04-07 10:15:05,850 - INFO - The-Project.py:3255 - Created frame: manage_installments
2025-04-07 10:15:05,852 - INFO - The-Project.py:3255 - Created frame: backup_restore
2025-04-07 10:15:05,855 - INFO - The-Project.py:3255 - Created frame: send_notification
2025-04-07 10:15:06,458 - INFO - The-Project.py:3275 - setup_home_page completed successfully
2025-04-07 10:15:06,589 - INFO - The-Project.py:3275 - setup_add_page completed successfully
2025-04-07 10:15:06,650 - INFO - The-Project.py:3275 - setup_view_page completed successfully
2025-04-07 10:15:06,678 - INFO - The-Project.py:3275 - setup_manage_installments_page completed successfully
2025-04-07 10:15:06,733 - INFO - The-Project.py:3275 - setup_backup_restore_page completed successfully
2025-04-07 10:15:06,756 - INFO - The-Project.py:3275 - setup_send_notification_page completed successfully
2025-04-07 10:15:06,756 - INFO - The-Project.py:2984 - Starting automatic installment check
2025-04-07 10:15:06,756 - INFO - The-Project.py:3116 - Notification thread started
2025-04-07 10:15:06,757 - INFO - The-Project.py:3002 - Checking notifications for 2 customers
2025-04-07 10:15:06,757 - INFO - The-Project.py:390 - Application starting...
2025-04-07 10:15:06,757 - INFO - The-Project.py:3039 - Found upcoming payment for ziad due in 1 days
2025-04-07 10:15:08,758 - INFO - The-Project.py:3065 - Attempt 1 to send notification to ziad at +201032197592
2025-04-07 10:15:17,317 - INFO - The-Project.py:679 - Backup created: backups\backup_20250407_101517.csv
2025-04-07 10:15:17,319 - INFO - The-Project.py:3080 - Automatic notification sent to ziad at +201032197592 for installment 2025-04-09
2025-04-07 10:15:17,320 - INFO - The-Project.py:3104 - Notification check completed. Success: 1, Failed: 0, Skipped: 0
2025-04-07 10:28:35,486 - INFO - The-Project.py:679 - Backup created: backups\backup_20250407_102835.csv
2025-04-07 10:28:39,667 - INFO - The-Project.py:2911 - Manual notification sent to ziad at +201032197592
2025-04-07 10:29:02,901 - INFO - The-Project.py:679 - Backup created: backups\backup_20250407_102902.csv
2025-04-07 10:29:04,198 - INFO - The-Project.py:2911 - Manual notification sent to ziad at +201032197592
2025-04-07 10:32:23,783 - INFO - The-Project.py:350 - Starting application initialization...
2025-04-07 10:32:23,912 - INFO - The-Project.py:363 - Appearance mode set successfully
2025-04-07 10:32:23,913 - INFO - The-Project.py:375 - Window centered successfully
2025-04-07 10:32:23,914 - INFO - The-Project.py:135 - Theme setup completed successfully
2025-04-07 10:32:23,915 - INFO - The-Project.py:3232 - Theme setup completed
2025-04-07 10:32:23,934 - INFO - The-Project.py:3255 - Created frame: home
2025-04-07 10:32:23,936 - INFO - The-Project.py:3255 - Created frame: add
2025-04-07 10:32:23,939 - INFO - The-Project.py:3255 - Created frame: delete
2025-04-07 10:32:23,941 - INFO - The-Project.py:3255 - Created frame: edit
2025-04-07 10:32:23,943 - INFO - The-Project.py:3255 - Created frame: view
2025-04-07 10:32:23,946 - INFO - The-Project.py:3255 - Created frame: manage_installments
2025-04-07 10:32:23,948 - INFO - The-Project.py:3255 - Created frame: backup_restore
2025-04-07 10:32:23,951 - INFO - The-Project.py:3255 - Created frame: send_notification
2025-04-07 10:32:24,298 - INFO - The-Project.py:3275 - setup_home_page completed successfully
2025-04-07 10:32:24,413 - INFO - The-Project.py:3275 - setup_add_page completed successfully
2025-04-07 10:32:24,465 - INFO - The-Project.py:3275 - setup_view_page completed successfully
2025-04-07 10:32:24,489 - INFO - The-Project.py:3275 - setup_manage_installments_page completed successfully
2025-04-07 10:32:24,534 - INFO - The-Project.py:3275 - setup_backup_restore_page completed successfully
2025-04-07 10:32:24,555 - INFO - The-Project.py:3275 - setup_send_notification_page completed successfully
2025-04-07 10:32:24,555 - INFO - The-Project.py:2984 - Starting automatic installment check
2025-04-07 10:32:24,556 - INFO - The-Project.py:3116 - Notification thread started
2025-04-07 10:32:24,556 - INFO - The-Project.py:3002 - Checking notifications for 2 customers
2025-04-07 10:32:24,556 - INFO - The-Project.py:390 - Application starting...
2025-04-07 10:32:24,557 - INFO - The-Project.py:3104 - Notification check completed. Success: 0, Failed: 0, Skipped: 0
2025-04-07 10:32:57,001 - INFO - The-Project.py:679 - Backup created: backups\backup_20250407_103256.csv
2025-04-07 10:33:00,522 - INFO - The-Project.py:2911 - Manual notification sent to ziad at +201032197592
2025-04-07 10:33:34,286 - ERROR - The-Project.py:604 - Missing required fields: ['Notified_Installments']
2025-04-07 10:33:42,991 - ERROR - The-Project.py:604 - Missing required fields: ['Notified_Installments']
2025-04-07 10:33:47,766 - ERROR - The-Project.py:604 - Missing required fields: ['Notified_Installments']
2025-04-07 10:35:55,806 - INFO - The-Project.py:350 - Starting application initialization...
2025-04-07 10:35:56,002 - INFO - The-Project.py:363 - Appearance mode set successfully
2025-04-07 10:35:56,003 - INFO - The-Project.py:375 - Window centered successfully
2025-04-07 10:35:56,004 - INFO - The-Project.py:135 - Theme setup completed successfully
2025-04-07 10:35:56,005 - INFO - The-Project.py:3244 - Theme setup completed
2025-04-07 10:35:56,026 - INFO - The-Project.py:3267 - Created frame: home
2025-04-07 10:35:56,028 - INFO - The-Project.py:3267 - Created frame: add
2025-04-07 10:35:56,031 - INFO - The-Project.py:3267 - Created frame: delete
2025-04-07 10:35:56,034 - INFO - The-Project.py:3267 - Created frame: edit
2025-04-07 10:35:56,038 - INFO - The-Project.py:3267 - Created frame: view
2025-04-07 10:35:56,041 - INFO - The-Project.py:3267 - Created frame: manage_installments
2025-04-07 10:35:56,044 - INFO - The-Project.py:3267 - Created frame: backup_restore
2025-04-07 10:35:56,047 - INFO - The-Project.py:3267 - Created frame: send_notification
2025-04-07 10:35:56,495 - INFO - The-Project.py:3287 - setup_home_page completed successfully
2025-04-07 10:35:56,627 - INFO - The-Project.py:3287 - setup_add_page completed successfully
2025-04-07 10:35:56,670 - INFO - The-Project.py:3287 - setup_view_page completed successfully
2025-04-07 10:35:56,694 - INFO - The-Project.py:3287 - setup_manage_installments_page completed successfully
2025-04-07 10:35:56,742 - INFO - The-Project.py:3287 - setup_backup_restore_page completed successfully
2025-04-07 10:35:56,769 - INFO - The-Project.py:3287 - setup_send_notification_page completed successfully
2025-04-07 10:35:56,770 - INFO - The-Project.py:2996 - Starting automatic installment check
2025-04-07 10:35:56,770 - INFO - The-Project.py:3128 - Notification thread started
2025-04-07 10:35:56,771 - INFO - The-Project.py:3014 - Checking notifications for 2 customers
2025-04-07 10:35:56,771 - INFO - The-Project.py:390 - Application starting...
2025-04-07 10:35:56,772 - INFO - The-Project.py:3116 - Notification check completed. Success: 0, Failed: 0, Skipped: 0
2025-04-07 10:36:27,841 - INFO - The-Project.py:690 - Backup created: backups\backup_20250407_103627.csv
2025-04-07 10:36:29,857 - INFO - The-Project.py:2923 - Manual notification sent to ziad at +201032197592
2025-04-07 10:37:10,188 - INFO - The-Project.py:690 - Backup created: backups\backup_20250407_103710.csv
2025-04-07 10:37:10,189 - INFO - The-Project.py:246 - Created customer directory: customer_files\iuojhdfsgiouyhds
2025-04-07 10:37:10,192 - INFO - The-Project.py:272 - Added file Screenshot2024-01-31050433-Copy.png for customer iuojhdfsgiouyhds
2025-04-07 10:37:10,194 - INFO - The-Project.py:272 - Added file Screenshot2024-01-31050433.png for customer iuojhdfsgiouyhds
2025-04-07 10:37:10,197 - INFO - The-Project.py:272 - Added file Screenshot2024-01-31050521.png for customer iuojhdfsgiouyhds
2025-04-07 10:37:10,219 - INFO - The-Project.py:272 - Added file Screenshot2024-01-31050538.png for customer iuojhdfsgiouyhds
2025-04-07 10:37:10,219 - INFO - The-Project.py:945 - Files added for customer iuojhdfsgiouyhds
2025-04-07 10:38:00,022 - INFO - The-Project.py:350 - Starting application initialization...
2025-04-07 10:38:00,157 - INFO - The-Project.py:363 - Appearance mode set successfully
2025-04-07 10:38:00,158 - INFO - The-Project.py:375 - Window centered successfully
2025-04-07 10:38:00,159 - INFO - The-Project.py:135 - Theme setup completed successfully
2025-04-07 10:38:00,159 - INFO - The-Project.py:3244 - Theme setup completed
2025-04-07 10:38:00,180 - INFO - The-Project.py:3267 - Created frame: home
2025-04-07 10:38:00,183 - INFO - The-Project.py:3267 - Created frame: add
2025-04-07 10:38:00,186 - INFO - The-Project.py:3267 - Created frame: delete
2025-04-07 10:38:00,189 - INFO - The-Project.py:3267 - Created frame: edit
2025-04-07 10:38:00,192 - INFO - The-Project.py:3267 - Created frame: view
2025-04-07 10:38:00,194 - INFO - The-Project.py:3267 - Created frame: manage_installments
2025-04-07 10:38:00,197 - INFO - The-Project.py:3267 - Created frame: backup_restore
2025-04-07 10:38:00,200 - INFO - The-Project.py:3267 - Created frame: send_notification
2025-04-07 10:38:00,539 - INFO - The-Project.py:3287 - setup_home_page completed successfully
2025-04-07 10:38:00,657 - INFO - The-Project.py:3287 - setup_add_page completed successfully
2025-04-07 10:38:00,709 - INFO - The-Project.py:3287 - setup_view_page completed successfully
2025-04-07 10:38:00,736 - INFO - The-Project.py:3287 - setup_manage_installments_page completed successfully
2025-04-07 10:38:00,783 - INFO - The-Project.py:3287 - setup_backup_restore_page completed successfully
2025-04-07 10:38:00,804 - INFO - The-Project.py:3287 - setup_send_notification_page completed successfully
2025-04-07 10:38:00,805 - INFO - The-Project.py:2996 - Starting automatic installment check
2025-04-07 10:38:00,805 - INFO - The-Project.py:3128 - Notification thread started
2025-04-07 10:38:00,806 - INFO - The-Project.py:3014 - Checking notifications for 3 customers
2025-04-07 10:38:00,806 - INFO - The-Project.py:390 - Application starting...
2025-04-07 10:38:00,807 - INFO - The-Project.py:3051 - Found upcoming payment for iuojhdfsgiouyhds due in 1 days
2025-04-07 10:38:02,807 - INFO - The-Project.py:3077 - Attempt 1 to send notification to iuojhdfsgiouyhds at +201120530157
2025-04-07 10:38:28,350 - INFO - The-Project.py:690 - Backup created: backups\backup_20250407_103828.csv
2025-04-07 10:38:28,351 - INFO - The-Project.py:3092 - Automatic notification sent to iuojhdfsgiouyhds at +201120530157 for installment 2025-04-09
2025-04-07 10:38:28,352 - INFO - The-Project.py:3116 - Notification check completed. Success: 1, Failed: 0, Skipped: 0
2025-04-07 10:50:03,938 - INFO - The-Project.py:350 - Starting application initialization...
2025-04-07 10:50:04,065 - INFO - The-Project.py:363 - Appearance mode set successfully
2025-04-07 10:50:04,066 - INFO - The-Project.py:375 - Window centered successfully
2025-04-07 10:50:04,067 - INFO - The-Project.py:135 - Theme setup completed successfully
2025-04-07 10:50:04,067 - INFO - The-Project.py:3239 - Theme setup completed
2025-04-07 10:50:04,087 - INFO - The-Project.py:3262 - Created frame: home
2025-04-07 10:50:04,090 - INFO - The-Project.py:3262 - Created frame: add
2025-04-07 10:50:04,092 - INFO - The-Project.py:3262 - Created frame: delete
2025-04-07 10:50:04,095 - INFO - The-Project.py:3262 - Created frame: edit
2025-04-07 10:50:04,097 - INFO - The-Project.py:3262 - Created frame: view
2025-04-07 10:50:04,100 - INFO - The-Project.py:3262 - Created frame: manage_installments
2025-04-07 10:50:04,102 - INFO - The-Project.py:3262 - Created frame: backup_restore
2025-04-07 10:50:04,105 - INFO - The-Project.py:3262 - Created frame: send_notification
2025-04-07 10:50:04,472 - INFO - The-Project.py:3282 - setup_home_page completed successfully
2025-04-07 10:50:04,618 - INFO - The-Project.py:3282 - setup_add_page completed successfully
2025-04-07 10:50:04,682 - INFO - The-Project.py:3282 - setup_view_page completed successfully
2025-04-07 10:50:04,711 - INFO - The-Project.py:3282 - setup_manage_installments_page completed successfully
2025-04-07 10:50:04,767 - INFO - The-Project.py:3282 - setup_backup_restore_page completed successfully
2025-04-07 10:50:04,791 - INFO - The-Project.py:3282 - setup_send_notification_page completed successfully
2025-04-07 10:50:04,792 - INFO - The-Project.py:2991 - Starting automatic installment check
2025-04-07 10:50:04,792 - INFO - The-Project.py:3123 - Notification thread started
2025-04-07 10:50:04,793 - INFO - The-Project.py:3009 - Checking notifications for 3 customers
2025-04-07 10:50:04,793 - INFO - The-Project.py:390 - Application starting...
2025-04-07 10:50:04,793 - INFO - The-Project.py:3111 - Notification check completed. Success: 0, Failed: 0, Skipped: 0
2025-04-07 11:18:43,775 - INFO - The-Project.py:350 - Starting application initialization...
2025-04-07 11:18:43,908 - INFO - The-Project.py:363 - Appearance mode set successfully
2025-04-07 11:18:43,909 - INFO - The-Project.py:375 - Window centered successfully
2025-04-07 11:18:43,911 - INFO - The-Project.py:135 - Theme setup completed successfully
2025-04-07 11:18:43,911 - INFO - The-Project.py:3236 - Theme setup completed
2025-04-07 11:18:43,931 - INFO - The-Project.py:3259 - Created frame: home
2025-04-07 11:18:43,933 - INFO - The-Project.py:3259 - Created frame: add
2025-04-07 11:18:43,935 - INFO - The-Project.py:3259 - Created frame: delete
2025-04-07 11:18:43,938 - INFO - The-Project.py:3259 - Created frame: edit
2025-04-07 11:18:43,940 - INFO - The-Project.py:3259 - Created frame: view
2025-04-07 11:18:43,943 - INFO - The-Project.py:3259 - Created frame: manage_installments
2025-04-07 11:18:43,946 - INFO - The-Project.py:3259 - Created frame: backup_restore
2025-04-07 11:18:43,948 - INFO - The-Project.py:3259 - Created frame: send_notification
2025-04-07 11:18:44,397 - INFO - The-Project.py:3279 - setup_home_page completed successfully
2025-04-07 11:18:44,554 - INFO - The-Project.py:3279 - setup_add_page completed successfully
2025-04-07 11:18:44,626 - INFO - The-Project.py:3279 - setup_view_page completed successfully
2025-04-07 11:18:44,656 - INFO - The-Project.py:3279 - setup_manage_installments_page completed successfully
2025-04-07 11:18:44,725 - INFO - The-Project.py:3279 - setup_backup_restore_page completed successfully
2025-04-07 11:18:44,749 - INFO - The-Project.py:3279 - setup_send_notification_page completed successfully
2025-04-07 11:18:44,750 - INFO - The-Project.py:2988 - Starting automatic installment check
2025-04-07 11:18:44,750 - INFO - The-Project.py:3120 - Notification thread started
2025-04-07 11:18:44,750 - INFO - The-Project.py:3006 - Checking notifications for 3 customers
2025-04-07 11:18:44,750 - INFO - The-Project.py:390 - Application starting...
2025-04-07 11:18:44,751 - INFO - The-Project.py:3108 - Notification check completed. Success: 0, Failed: 0, Skipped: 0
2025-04-09 15:07:21,634 - INFO - The-Project.py:350 - Starting application initialization...
2025-04-09 15:07:22,229 - INFO - The-Project.py:363 - Appearance mode set successfully
2025-04-09 15:07:22,230 - INFO - The-Project.py:375 - Window centered successfully
2025-04-09 15:07:22,230 - INFO - The-Project.py:135 - Theme setup completed successfully
2025-04-09 15:07:22,231 - INFO - The-Project.py:3257 - Theme setup completed
2025-04-09 15:07:22,253 - INFO - The-Project.py:3280 - Created frame: home
2025-04-09 15:07:22,255 - INFO - The-Project.py:3280 - Created frame: add
2025-04-09 15:07:22,257 - INFO - The-Project.py:3280 - Created frame: delete
2025-04-09 15:07:22,259 - INFO - The-Project.py:3280 - Created frame: edit
2025-04-09 15:07:22,262 - INFO - The-Project.py:3280 - Created frame: view
2025-04-09 15:07:22,264 - INFO - The-Project.py:3280 - Created frame: manage_installments
2025-04-09 15:07:22,266 - INFO - The-Project.py:3280 - Created frame: backup_restore
2025-04-09 15:07:22,269 - INFO - The-Project.py:3280 - Created frame: send_notification
2025-04-09 15:07:22,626 - INFO - The-Project.py:3300 - setup_home_page completed successfully
2025-04-09 15:07:22,751 - INFO - The-Project.py:3300 - setup_add_page completed successfully
2025-04-09 15:07:22,800 - INFO - The-Project.py:3300 - setup_view_page completed successfully
2025-04-09 15:07:22,825 - INFO - The-Project.py:3300 - setup_manage_installments_page completed successfully
2025-04-09 15:07:22,868 - INFO - The-Project.py:3300 - setup_backup_restore_page completed successfully
2025-04-09 15:07:22,888 - INFO - The-Project.py:3300 - setup_send_notification_page completed successfully
2025-04-09 15:07:22,889 - INFO - The-Project.py:3009 - Starting automatic installment check
2025-04-09 15:07:22,889 - INFO - The-Project.py:3141 - Notification thread started
2025-04-09 15:07:22,889 - INFO - The-Project.py:390 - Application starting...
2025-04-09 15:07:22,889 - INFO - The-Project.py:3014 - No customer data found for notifications
2025-04-09 15:07:53,235 - INFO - The-Project.py:705 - Backup created: backups\backup_20250409_150753.csv
2025-04-09 15:07:53,237 - INFO - The-Project.py:246 - Created customer directory: customer_files\welcome back
2025-04-09 15:07:53,237 - ERROR - The-Project.py:281 - Error in add_files for customer welcome back: can only concatenate str (not "int") to str
2025-04-09 15:09:54,793 - INFO - The-Project.py:350 - Starting application initialization...
2025-04-09 15:09:54,903 - INFO - The-Project.py:363 - Appearance mode set successfully
2025-04-09 15:09:54,904 - INFO - The-Project.py:375 - Window centered successfully
2025-04-09 15:09:54,905 - INFO - The-Project.py:135 - Theme setup completed successfully
2025-04-09 15:09:54,905 - INFO - The-Project.py:3269 - Theme setup completed
2025-04-09 15:09:54,921 - INFO - The-Project.py:3292 - Created frame: home
2025-04-09 15:09:54,923 - INFO - The-Project.py:3292 - Created frame: add
2025-04-09 15:09:54,924 - INFO - The-Project.py:3292 - Created frame: delete
2025-04-09 15:09:54,926 - INFO - The-Project.py:3292 - Created frame: edit
2025-04-09 15:09:54,928 - INFO - The-Project.py:3292 - Created frame: view
2025-04-09 15:09:54,930 - INFO - The-Project.py:3292 - Created frame: manage_installments
2025-04-09 15:09:54,932 - INFO - The-Project.py:3292 - Created frame: backup_restore
2025-04-09 15:09:54,934 - INFO - The-Project.py:3292 - Created frame: send_notification
2025-04-09 15:09:55,330 - INFO - The-Project.py:3312 - setup_home_page completed successfully
2025-04-09 15:09:55,457 - INFO - The-Project.py:3312 - setup_add_page completed successfully
2025-04-09 15:09:55,503 - INFO - The-Project.py:3312 - setup_view_page completed successfully
2025-04-09 15:09:55,526 - INFO - The-Project.py:3312 - setup_manage_installments_page completed successfully
2025-04-09 15:09:55,568 - INFO - The-Project.py:3312 - setup_backup_restore_page completed successfully
2025-04-09 15:09:55,585 - INFO - The-Project.py:3312 - setup_send_notification_page completed successfully
2025-04-09 15:09:55,586 - INFO - The-Project.py:3021 - Starting automatic installment check
2025-04-09 15:09:55,586 - INFO - The-Project.py:3153 - Notification thread started
2025-04-09 15:09:55,586 - INFO - The-Project.py:3039 - Checking notifications for 1 customers
2025-04-09 15:09:55,586 - INFO - The-Project.py:390 - Application starting...
2025-04-09 15:09:55,587 - INFO - The-Project.py:3141 - Notification check completed. Success: 0, Failed: 0, Skipped: 0
2025-04-09 15:10:10,315 - INFO - The-Project.py:705 - Backup created: backups\backup_20250409_151010.csv
2025-04-09 15:10:21,859 - INFO - The-Project.py:705 - Backup created: backups\backup_20250409_151021.csv
2025-04-09 15:10:21,860 - INFO - The-Project.py:246 - Created customer directory: customer_files\werfsedfghsdrg
2025-04-09 15:10:21,860 - ERROR - The-Project.py:281 - Error in add_files for customer werfsedfghsdrg: can only concatenate str (not "int") to str
2025-04-09 15:10:34,826 - INFO - The-Project.py:705 - Backup created: backups\backup_20250409_151034.csv
2025-04-09 15:10:48,452 - INFO - The-Project.py:705 - Backup created: backups\backup_20250409_151048.csv
2025-04-09 15:12:20,950 - INFO - The-Project.py:350 - Starting application initialization...
2025-04-09 15:12:21,065 - INFO - The-Project.py:363 - Appearance mode set successfully
2025-04-09 15:12:21,065 - INFO - The-Project.py:375 - Window centered successfully
2025-04-09 15:12:21,067 - INFO - The-Project.py:135 - Theme setup completed successfully
2025-04-09 15:12:21,067 - INFO - The-Project.py:3249 - Theme setup completed
2025-04-09 15:12:21,084 - INFO - The-Project.py:3272 - Created frame: home
2025-04-09 15:12:21,086 - INFO - The-Project.py:3272 - Created frame: add
2025-04-09 15:12:21,088 - INFO - The-Project.py:3272 - Created frame: delete
2025-04-09 15:12:21,090 - INFO - The-Project.py:3272 - Created frame: edit
2025-04-09 15:12:21,092 - INFO - The-Project.py:3272 - Created frame: view
2025-04-09 15:12:21,094 - INFO - The-Project.py:3272 - Created frame: manage_installments
2025-04-09 15:12:21,096 - INFO - The-Project.py:3272 - Created frame: backup_restore
2025-04-09 15:12:21,099 - INFO - The-Project.py:3272 - Created frame: send_notification
2025-04-09 15:12:21,479 - INFO - The-Project.py:3292 - setup_home_page completed successfully
2025-04-09 15:12:21,602 - INFO - The-Project.py:3292 - setup_add_page completed successfully
2025-04-09 15:12:21,648 - INFO - The-Project.py:3292 - setup_view_page completed successfully
2025-04-09 15:12:21,670 - INFO - The-Project.py:3292 - setup_manage_installments_page completed successfully
2025-04-09 15:12:21,712 - INFO - The-Project.py:3292 - setup_backup_restore_page completed successfully
2025-04-09 15:12:21,730 - INFO - The-Project.py:3292 - setup_send_notification_page completed successfully
2025-04-09 15:12:21,731 - INFO - The-Project.py:3001 - Starting automatic installment check
2025-04-09 15:12:21,731 - INFO - The-Project.py:3133 - Notification thread started
2025-04-09 15:12:21,731 - INFO - The-Project.py:390 - Application starting...
2025-04-09 15:12:21,732 - INFO - The-Project.py:3006 - No customer data found for notifications
2025-04-09 15:12:36,317 - INFO - The-Project.py:689 - Backup created: backups\backup_20250409_151236.csv
2025-04-09 15:12:36,318 - INFO - The-Project.py:246 - Created customer directory: customer_files\fdgsdtgfhsdfrhg
2025-04-09 15:12:36,319 - ERROR - The-Project.py:281 - Error in add_files for customer fdgsdtgfhsdfrhg: can only concatenate str (not "int") to str
2025-04-09 15:12:38,628 - INFO - The-Project.py:689 - Backup created: backups\backup_20250409_151238.csv
2025-04-09 15:12:38,629 - ERROR - The-Project.py:281 - Error in add_files for customer fdgsdtgfhsdfrhg: can only concatenate str (not "int") to str
2025-04-09 15:12:44,794 - INFO - The-Project.py:689 - Backup created: backups\backup_20250409_151244.csv
2025-04-09 15:12:52,050 - INFO - The-Project.py:689 - Backup created: backups\backup_20250409_151252.csv
2025-04-09 15:12:52,051 - ERROR - The-Project.py:281 - Error in add_files for customer fdgsdtgfhsdfrhg: can only concatenate str (not "int") to str
2025-04-09 15:13:17,989 - INFO - The-Project.py:689 - Backup created: backups\backup_20250409_151317.csv
2025-04-09 15:13:17,991 - INFO - The-Project.py:689 - Backup created: backups\backup_20250409_151317.csv
2025-04-09 15:15:44,270 - INFO - The-Project.py:350 - Starting application initialization...
2025-04-09 15:15:44,419 - INFO - The-Project.py:363 - Appearance mode set successfully
2025-04-09 15:15:44,420 - INFO - The-Project.py:375 - Window centered successfully
2025-04-09 15:15:44,421 - INFO - The-Project.py:135 - Theme setup completed successfully
2025-04-09 15:15:44,422 - INFO - The-Project.py:3256 - Theme setup completed
2025-04-09 15:15:44,441 - INFO - The-Project.py:3279 - Created frame: home
2025-04-09 15:15:44,444 - INFO - The-Project.py:3279 - Created frame: add
2025-04-09 15:15:44,447 - INFO - The-Project.py:3279 - Created frame: delete
2025-04-09 15:15:44,449 - INFO - The-Project.py:3279 - Created frame: edit
2025-04-09 15:15:44,452 - INFO - The-Project.py:3279 - Created frame: view
2025-04-09 15:15:44,455 - INFO - The-Project.py:3279 - Created frame: manage_installments
2025-04-09 15:15:44,457 - INFO - The-Project.py:3279 - Created frame: backup_restore
2025-04-09 15:15:44,460 - INFO - The-Project.py:3279 - Created frame: send_notification
2025-04-09 15:15:44,909 - INFO - The-Project.py:3299 - setup_home_page completed successfully
2025-04-09 15:15:45,068 - INFO - The-Project.py:3299 - setup_add_page completed successfully
2025-04-09 15:15:45,135 - INFO - The-Project.py:3299 - setup_view_page completed successfully
2025-04-09 15:15:45,160 - INFO - The-Project.py:3299 - setup_manage_installments_page completed successfully
2025-04-09 15:15:45,213 - INFO - The-Project.py:3299 - setup_backup_restore_page completed successfully
2025-04-09 15:15:45,233 - INFO - The-Project.py:3299 - setup_send_notification_page completed successfully
2025-04-09 15:15:45,234 - INFO - The-Project.py:3008 - Starting automatic installment check
2025-04-09 15:15:45,234 - INFO - The-Project.py:3140 - Notification thread started
2025-04-09 15:15:45,235 - INFO - The-Project.py:3026 - Checking notifications for 1 customers
2025-04-09 15:15:45,235 - INFO - The-Project.py:390 - Application starting...
2025-04-09 15:15:45,235 - INFO - The-Project.py:3128 - Notification check completed. Success: 0, Failed: 0, Skipped: 0
2025-04-09 15:16:32,472 - INFO - The-Project.py:689 - Backup created: backups\backup_20250409_151632.csv
2025-04-09 15:16:32,474 - INFO - The-Project.py:246 - Created customer directory: customer_files\mohamed ahmed
2025-04-09 15:16:32,474 - ERROR - The-Project.py:281 - Error in add_files for customer mohamed ahmed: can only concatenate str (not "int") to str
2025-04-09 15:17:16,748 - INFO - The-Project.py:689 - Backup created: backups\backup_20250409_151716.csv
2025-04-09 15:17:21,203 - INFO - The-Project.py:689 - Backup created: backups\backup_20250409_151721.csv
2025-04-09 15:17:23,902 - INFO - The-Project.py:689 - Backup created: backups\backup_20250409_151723.csv
2025-04-09 15:18:13,140 - INFO - The-Project.py:689 - Backup created: backups\backup_20250409_151813.csv
2025-04-09 15:18:16,507 - INFO - The-Project.py:2935 - Manual notification sent to mohamed ahmed at +201120530157
2025-04-09 15:18:48,523 - INFO - The-Project.py:689 - Backup created: backups\backup_20250409_151848.csv
2025-04-09 15:18:50,475 - INFO - The-Project.py:2935 - Manual notification sent to mohamed ahmed at +201120530157
2025-04-09 15:19:34,789 - INFO - The-Project.py:350 - Starting application initialization...
2025-04-09 15:19:34,931 - INFO - The-Project.py:363 - Appearance mode set successfully
2025-04-09 15:19:34,931 - INFO - The-Project.py:375 - Window centered successfully
2025-04-09 15:19:34,932 - INFO - The-Project.py:135 - Theme setup completed successfully
2025-04-09 15:19:34,933 - INFO - The-Project.py:3256 - Theme setup completed
2025-04-09 15:19:34,950 - INFO - The-Project.py:3279 - Created frame: home
2025-04-09 15:19:34,952 - INFO - The-Project.py:3279 - Created frame: add
2025-04-09 15:19:34,954 - INFO - The-Project.py:3279 - Created frame: delete
2025-04-09 15:19:34,956 - INFO - The-Project.py:3279 - Created frame: edit
2025-04-09 15:19:34,959 - INFO - The-Project.py:3279 - Created frame: view
2025-04-09 15:19:34,961 - INFO - The-Project.py:3279 - Created frame: manage_installments
2025-04-09 15:19:34,963 - INFO - The-Project.py:3279 - Created frame: backup_restore
2025-04-09 15:19:34,965 - INFO - The-Project.py:3279 - Created frame: send_notification
2025-04-09 15:19:35,396 - INFO - The-Project.py:3299 - setup_home_page completed successfully
2025-04-09 15:19:35,540 - INFO - The-Project.py:3299 - setup_add_page completed successfully
2025-04-09 15:19:35,593 - INFO - The-Project.py:3299 - setup_view_page completed successfully
2025-04-09 15:19:35,615 - INFO - The-Project.py:3299 - setup_manage_installments_page completed successfully
2025-04-09 15:19:35,663 - INFO - The-Project.py:3299 - setup_backup_restore_page completed successfully
2025-04-09 15:19:35,687 - INFO - The-Project.py:3299 - setup_send_notification_page completed successfully
2025-04-09 15:19:35,688 - INFO - The-Project.py:3008 - Starting automatic installment check
2025-04-09 15:19:35,688 - INFO - The-Project.py:3140 - Notification thread started
2025-04-09 15:19:35,688 - INFO - The-Project.py:3026 - Checking notifications for 2 customers
2025-04-09 15:19:35,689 - INFO - The-Project.py:390 - Application starting...
2025-04-09 15:19:35,689 - INFO - The-Project.py:3128 - Notification check completed. Success: 0, Failed: 0, Skipped: 0
2025-04-09 15:19:44,037 - INFO - The-Project.py:689 - Backup created: backups\backup_20250409_151944.csv
2025-04-09 15:19:46,634 - INFO - The-Project.py:689 - Backup created: backups\backup_20250409_151946.csv
2025-04-09 15:20:27,216 - INFO - The-Project.py:689 - Backup created: backups\backup_20250409_152027.csv
2025-04-09 15:20:27,218 - INFO - The-Project.py:246 - Created customer directory: customer_files\hgdjshfijh
2025-04-09 15:20:27,218 - ERROR - The-Project.py:281 - Error in add_files for customer hgdjshfijh: can only concatenate str (not "int") to str
2025-04-09 15:22:41,239 - INFO - The-Project.py:356 - Starting application initialization...
2025-04-09 15:22:41,381 - INFO - The-Project.py:369 - Appearance mode set successfully
2025-04-09 15:22:41,382 - INFO - The-Project.py:381 - Window centered successfully
2025-04-09 15:22:41,383 - INFO - The-Project.py:135 - Theme setup completed successfully
2025-04-09 15:22:41,383 - INFO - The-Project.py:3262 - Theme setup completed
2025-04-09 15:22:41,401 - INFO - The-Project.py:3285 - Created frame: home
2025-04-09 15:22:41,404 - INFO - The-Project.py:3285 - Created frame: add
2025-04-09 15:22:41,406 - INFO - The-Project.py:3285 - Created frame: delete
2025-04-09 15:22:41,409 - INFO - The-Project.py:3285 - Created frame: edit
2025-04-09 15:22:41,411 - INFO - The-Project.py:3285 - Created frame: view
2025-04-09 15:22:41,413 - INFO - The-Project.py:3285 - Created frame: manage_installments
2025-04-09 15:22:41,415 - INFO - The-Project.py:3285 - Created frame: backup_restore
2025-04-09 15:22:41,418 - INFO - The-Project.py:3285 - Created frame: send_notification
2025-04-09 15:22:41,807 - INFO - The-Project.py:3305 - setup_home_page completed successfully
2025-04-09 15:22:41,947 - INFO - The-Project.py:3305 - setup_add_page completed successfully
2025-04-09 15:22:41,999 - INFO - The-Project.py:3305 - setup_view_page completed successfully
2025-04-09 15:22:42,027 - INFO - The-Project.py:3305 - setup_manage_installments_page completed successfully
2025-04-09 15:22:42,080 - INFO - The-Project.py:3305 - setup_backup_restore_page completed successfully
2025-04-09 15:22:42,102 - INFO - The-Project.py:3305 - setup_send_notification_page completed successfully
2025-04-09 15:22:42,102 - INFO - The-Project.py:3014 - Starting automatic installment check
2025-04-09 15:22:42,103 - INFO - The-Project.py:3146 - Notification thread started
2025-04-09 15:22:42,103 - INFO - The-Project.py:3032 - Checking notifications for 1 customers
2025-04-09 15:22:42,103 - INFO - The-Project.py:396 - Application starting...
2025-04-09 15:22:42,103 - INFO - The-Project.py:3134 - Notification check completed. Success: 0, Failed: 0, Skipped: 0
2025-04-09 15:23:12,170 - INFO - The-Project.py:695 - Backup created: backups\backup_20250409_152312.csv
2025-04-09 15:23:12,171 - INFO - The-Project.py:246 - Created customer directory: customer_files\grsedfpiojugasdeiorufgjhn
2025-04-09 15:23:12,171 - ERROR - The-Project.py:287 - Error in add_files for customer grsedfp[iojugasdeiorufgjhn: can only concatenate str (not "int") to str
2025-04-09 15:25:33,132 - INFO - The-Project.py:356 - Starting application initialization...
2025-04-09 15:25:33,261 - INFO - The-Project.py:369 - Appearance mode set successfully
2025-04-09 15:25:33,262 - INFO - The-Project.py:381 - Window centered successfully
2025-04-09 15:25:33,263 - INFO - The-Project.py:135 - Theme setup completed successfully
2025-04-09 15:25:33,263 - INFO - The-Project.py:3262 - Theme setup completed
2025-04-09 15:25:33,282 - INFO - The-Project.py:3285 - Created frame: home
2025-04-09 15:25:33,284 - INFO - The-Project.py:3285 - Created frame: add
2025-04-09 15:25:33,286 - INFO - The-Project.py:3285 - Created frame: delete
2025-04-09 15:25:33,289 - INFO - The-Project.py:3285 - Created frame: edit
2025-04-09 15:25:33,291 - INFO - The-Project.py:3285 - Created frame: view
2025-04-09 15:25:33,293 - INFO - The-Project.py:3285 - Created frame: manage_installments
2025-04-09 15:25:33,295 - INFO - The-Project.py:3285 - Created frame: backup_restore
2025-04-09 15:25:33,297 - INFO - The-Project.py:3285 - Created frame: send_notification
2025-04-09 15:25:33,718 - INFO - The-Project.py:3305 - setup_home_page completed successfully
2025-04-09 15:25:33,860 - INFO - The-Project.py:3305 - setup_add_page completed successfully
2025-04-09 15:25:33,915 - INFO - The-Project.py:3305 - setup_view_page completed successfully
2025-04-09 15:25:33,946 - INFO - The-Project.py:3305 - setup_manage_installments_page completed successfully
2025-04-09 15:25:33,999 - INFO - The-Project.py:3305 - setup_backup_restore_page completed successfully
2025-04-09 15:25:34,019 - INFO - The-Project.py:3305 - setup_send_notification_page completed successfully
2025-04-09 15:25:34,020 - INFO - The-Project.py:3014 - Starting automatic installment check
2025-04-09 15:25:34,021 - INFO - The-Project.py:3146 - Notification thread started
2025-04-09 15:25:34,021 - INFO - The-Project.py:3032 - Checking notifications for 2 customers
2025-04-09 15:25:34,021 - INFO - The-Project.py:396 - Application starting...
2025-04-09 15:25:34,021 - INFO - The-Project.py:3134 - Notification check completed. Success: 0, Failed: 0, Skipped: 0
2025-04-09 15:29:13,274 - INFO - The-Project.py:356 - Starting application initialization...
2025-04-09 15:29:13,406 - INFO - The-Project.py:369 - Appearance mode set successfully
2025-04-09 15:29:13,407 - INFO - The-Project.py:381 - Window centered successfully
2025-04-09 15:29:13,408 - INFO - The-Project.py:135 - Theme setup completed successfully
2025-04-09 15:29:13,408 - INFO - The-Project.py:3262 - Theme setup completed
2025-04-09 15:29:13,427 - INFO - The-Project.py:3285 - Created frame: home
2025-04-09 15:29:13,429 - INFO - The-Project.py:3285 - Created frame: add
2025-04-09 15:29:13,431 - INFO - The-Project.py:3285 - Created frame: delete
2025-04-09 15:29:13,433 - INFO - The-Project.py:3285 - Created frame: edit
2025-04-09 15:29:13,436 - INFO - The-Project.py:3285 - Created frame: view
2025-04-09 15:29:13,438 - INFO - The-Project.py:3285 - Created frame: manage_installments
2025-04-09 15:29:13,439 - INFO - The-Project.py:3285 - Created frame: backup_restore
2025-04-09 15:29:13,442 - INFO - The-Project.py:3285 - Created frame: send_notification
2025-04-09 15:29:13,832 - INFO - The-Project.py:3305 - setup_home_page completed successfully
2025-04-09 15:29:13,980 - INFO - The-Project.py:3305 - setup_add_page completed successfully
2025-04-09 15:29:14,031 - INFO - The-Project.py:3305 - setup_view_page completed successfully
2025-04-09 15:29:14,060 - INFO - The-Project.py:3305 - setup_manage_installments_page completed successfully
2025-04-09 15:29:14,112 - INFO - The-Project.py:3305 - setup_backup_restore_page completed successfully
2025-04-09 15:29:14,134 - INFO - The-Project.py:3305 - setup_send_notification_page completed successfully
2025-04-09 15:29:14,135 - INFO - The-Project.py:3014 - Starting automatic installment check
2025-04-09 15:29:14,135 - INFO - The-Project.py:3146 - Notification thread started
2025-04-09 15:29:14,135 - INFO - The-Project.py:3032 - Checking notifications for 2 customers
2025-04-09 15:29:14,135 - INFO - The-Project.py:396 - Application starting...
2025-04-09 15:29:14,135 - INFO - The-Project.py:3134 - Notification check completed. Success: 0, Failed: 0, Skipped: 0
2025-04-09 15:29:38,081 - INFO - The-Project.py:695 - Backup created: backups\backup_20250409_152938.csv
2025-04-09 15:29:38,082 - INFO - The-Project.py:246 - Created customer directory: d:\installments project\customer_files\nigger
2025-04-09 15:29:38,083 - ERROR - The-Project.py:287 - Error in add_files for customer nigger: can only concatenate str (not "int") to str
2025-04-09 15:50:34,276 - INFO - The-Project.py:356 - Starting application initialization...
2025-04-09 15:50:34,419 - INFO - The-Project.py:369 - Appearance mode set successfully
2025-04-09 15:50:34,420 - INFO - The-Project.py:381 - Window centered successfully
2025-04-09 15:50:34,421 - INFO - The-Project.py:135 - Theme setup completed successfully
2025-04-09 15:50:34,422 - INFO - The-Project.py:3274 - Theme setup completed
2025-04-09 15:50:34,437 - INFO - The-Project.py:3297 - Created frame: home
2025-04-09 15:50:34,440 - INFO - The-Project.py:3297 - Created frame: add
2025-04-09 15:50:34,442 - INFO - The-Project.py:3297 - Created frame: delete
2025-04-09 15:50:34,445 - INFO - The-Project.py:3297 - Created frame: edit
2025-04-09 15:50:34,447 - INFO - The-Project.py:3297 - Created frame: view
2025-04-09 15:50:34,449 - INFO - The-Project.py:3297 - Created frame: manage_installments
2025-04-09 15:50:34,451 - INFO - The-Project.py:3297 - Created frame: backup_restore
2025-04-09 15:50:34,454 - INFO - The-Project.py:3297 - Created frame: send_notification
2025-04-09 15:50:34,881 - INFO - The-Project.py:3317 - setup_home_page completed successfully
2025-04-09 15:50:35,016 - INFO - The-Project.py:3317 - setup_add_page completed successfully
2025-04-09 15:50:35,066 - INFO - The-Project.py:3317 - setup_view_page completed successfully
2025-04-09 15:50:35,091 - INFO - The-Project.py:3317 - setup_manage_installments_page completed successfully
2025-04-09 15:50:35,140 - INFO - The-Project.py:3317 - setup_backup_restore_page completed successfully
2025-04-09 15:50:35,160 - INFO - The-Project.py:3317 - setup_send_notification_page completed successfully
2025-04-09 15:50:35,161 - INFO - The-Project.py:3026 - Starting automatic installment check
2025-04-09 15:50:35,161 - INFO - The-Project.py:3158 - Notification thread started
2025-04-09 15:50:35,161 - INFO - The-Project.py:3044 - Checking notifications for 3 customers
2025-04-09 15:50:35,162 - INFO - The-Project.py:396 - Application starting...
2025-04-09 15:50:35,162 - INFO - The-Project.py:3146 - Notification check completed. Success: 0, Failed: 0, Skipped: 0
2025-04-09 15:50:53,330 - INFO - The-Project.py:695 - Backup created: backups\backup_20250409_155053.csv
2025-04-09 15:50:53,331 - INFO - The-Project.py:246 - Created customer directory: d:\installments project\customer_files\sdfasedfsd
2025-04-09 15:50:53,334 - INFO - The-Project.py:278 - Added file Screenshot2024-01-31050433-Copy.png for customer sdfasedfsd
2025-04-09 15:50:53,338 - INFO - The-Project.py:278 - Added file Screenshot2024-01-31050433.png for customer sdfasedfsd
2025-04-09 15:50:53,341 - INFO - The-Project.py:278 - Added file Screenshot2024-01-31050521.png for customer sdfasedfsd
2025-04-09 15:50:53,341 - INFO - The-Project.py:964 - Successfully saved files for customer sdfasedfsd
2025-04-09 15:51:58,000 - INFO - The-Project.py:356 - Starting application initialization...
2025-04-09 15:51:58,163 - INFO - The-Project.py:369 - Appearance mode set successfully
2025-04-09 15:51:58,164 - INFO - The-Project.py:381 - Window centered successfully
2025-04-09 15:51:58,165 - INFO - The-Project.py:135 - Theme setup completed successfully
2025-04-09 15:51:58,165 - INFO - The-Project.py:3274 - Theme setup completed
2025-04-09 15:51:58,184 - INFO - The-Project.py:3297 - Created frame: home
2025-04-09 15:51:58,186 - INFO - The-Project.py:3297 - Created frame: add
2025-04-09 15:51:58,189 - INFO - The-Project.py:3297 - Created frame: delete
2025-04-09 15:51:58,196 - INFO - The-Project.py:3297 - Created frame: edit
2025-04-09 15:51:58,202 - INFO - The-Project.py:3297 - Created frame: view
2025-04-09 15:51:58,204 - INFO - The-Project.py:3297 - Created frame: manage_installments
2025-04-09 15:51:58,207 - INFO - The-Project.py:3297 - Created frame: backup_restore
2025-04-09 15:51:58,209 - INFO - The-Project.py:3297 - Created frame: send_notification
2025-04-09 15:51:58,760 - INFO - The-Project.py:3317 - setup_home_page completed successfully
2025-04-09 15:51:58,917 - INFO - The-Project.py:3317 - setup_add_page completed successfully
2025-04-09 15:51:58,980 - INFO - The-Project.py:3317 - setup_view_page completed successfully
2025-04-09 15:51:59,003 - INFO - The-Project.py:3317 - setup_manage_installments_page completed successfully
2025-04-09 15:51:59,061 - INFO - The-Project.py:3317 - setup_backup_restore_page completed successfully
2025-04-09 15:51:59,083 - INFO - The-Project.py:3317 - setup_send_notification_page completed successfully
2025-04-09 15:51:59,084 - INFO - The-Project.py:3026 - Starting automatic installment check
2025-04-09 15:51:59,084 - INFO - The-Project.py:3158 - Notification thread started
2025-04-09 15:51:59,085 - INFO - The-Project.py:3044 - Checking notifications for 4 customers
2025-04-09 15:51:59,085 - INFO - The-Project.py:396 - Application starting...
2025-04-09 15:51:59,085 - INFO - The-Project.py:3146 - Notification check completed. Success: 0, Failed: 0, Skipped: 0
2025-04-09 15:55:25,592 - INFO - The-Project.py:356 - Starting application initialization...
2025-04-09 15:55:25,697 - INFO - The-Project.py:369 - Appearance mode set successfully
2025-04-09 15:55:25,697 - INFO - The-Project.py:381 - Window centered successfully
2025-04-09 15:55:25,698 - INFO - The-Project.py:135 - Theme setup completed successfully
2025-04-09 15:55:25,698 - INFO - The-Project.py:3274 - Theme setup completed
2025-04-09 15:55:25,714 - INFO - The-Project.py:3297 - Created frame: home
2025-04-09 15:55:25,717 - INFO - The-Project.py:3297 - Created frame: add
2025-04-09 15:55:25,719 - INFO - The-Project.py:3297 - Created frame: delete
2025-04-09 15:55:25,721 - INFO - The-Project.py:3297 - Created frame: edit
2025-04-09 15:55:25,724 - INFO - The-Project.py:3297 - Created frame: view
2025-04-09 15:55:25,726 - INFO - The-Project.py:3297 - Created frame: manage_installments
2025-04-09 15:55:25,729 - INFO - The-Project.py:3297 - Created frame: backup_restore
2025-04-09 15:55:25,731 - INFO - The-Project.py:3297 - Created frame: send_notification
2025-04-09 15:55:26,028 - INFO - The-Project.py:3317 - setup_home_page completed successfully
2025-04-09 15:55:26,131 - INFO - The-Project.py:3317 - setup_add_page completed successfully
2025-04-09 15:55:26,173 - INFO - The-Project.py:3317 - setup_view_page completed successfully
2025-04-09 15:55:26,194 - INFO - The-Project.py:3317 - setup_manage_installments_page completed successfully
2025-04-09 15:55:26,237 - INFO - The-Project.py:3317 - setup_backup_restore_page completed successfully
2025-04-09 15:55:26,256 - INFO - The-Project.py:3317 - setup_send_notification_page completed successfully
2025-04-09 15:55:26,257 - INFO - The-Project.py:3026 - Starting automatic installment check
2025-04-09 15:55:26,257 - INFO - The-Project.py:3158 - Notification thread started
2025-04-09 15:55:26,257 - INFO - The-Project.py:3044 - Checking notifications for 4 customers
2025-04-09 15:55:26,257 - INFO - The-Project.py:396 - Application starting...
2025-04-09 15:55:26,258 - INFO - The-Project.py:3146 - Notification check completed. Success: 0, Failed: 0, Skipped: 0
2025-04-09 15:57:43,363 - INFO - The-Project.py:356 - Starting application initialization...
2025-04-09 15:57:43,504 - INFO - The-Project.py:369 - Appearance mode set successfully
2025-04-09 15:57:43,505 - INFO - The-Project.py:381 - Window centered successfully
2025-04-09 15:57:43,506 - INFO - The-Project.py:135 - Theme setup completed successfully
2025-04-09 15:57:43,506 - INFO - The-Project.py:3274 - Theme setup completed
2025-04-09 15:57:43,525 - INFO - The-Project.py:3297 - Created frame: home
2025-04-09 15:57:43,528 - INFO - The-Project.py:3297 - Created frame: add
2025-04-09 15:57:43,531 - INFO - The-Project.py:3297 - Created frame: delete
2025-04-09 15:57:43,533 - INFO - The-Project.py:3297 - Created frame: edit
2025-04-09 15:57:43,536 - INFO - The-Project.py:3297 - Created frame: view
2025-04-09 15:57:43,538 - INFO - The-Project.py:3297 - Created frame: manage_installments
2025-04-09 15:57:43,540 - INFO - The-Project.py:3297 - Created frame: backup_restore
2025-04-09 15:57:43,543 - INFO - The-Project.py:3297 - Created frame: send_notification
2025-04-09 15:57:43,932 - INFO - The-Project.py:3317 - setup_home_page completed successfully
2025-04-09 15:57:44,060 - INFO - The-Project.py:3317 - setup_add_page completed successfully
2025-04-09 15:57:44,110 - INFO - The-Project.py:3317 - setup_view_page completed successfully
2025-04-09 15:57:44,135 - INFO - The-Project.py:3317 - setup_manage_installments_page completed successfully
2025-04-09 15:57:44,185 - INFO - The-Project.py:3317 - setup_backup_restore_page completed successfully
2025-04-09 15:57:44,204 - INFO - The-Project.py:3317 - setup_send_notification_page completed successfully
2025-04-09 15:57:44,205 - INFO - The-Project.py:3026 - Starting automatic installment check
2025-04-09 15:57:44,205 - INFO - The-Project.py:3158 - Notification thread started
2025-04-09 15:57:44,205 - INFO - The-Project.py:3044 - Checking notifications for 4 customers
2025-04-09 15:57:44,205 - INFO - The-Project.py:396 - Application starting...
2025-04-09 15:57:44,205 - INFO - The-Project.py:3146 - Notification check completed. Success: 0, Failed: 0, Skipped: 0
2025-04-09 16:20:06,434 - INFO - The-Project.py:356 - Starting application initialization...
2025-04-09 16:20:06,587 - INFO - The-Project.py:369 - Appearance mode set successfully
2025-04-09 16:20:06,587 - INFO - The-Project.py:381 - Window centered successfully
2025-04-09 16:20:06,588 - INFO - The-Project.py:135 - Theme setup completed successfully
2025-04-09 16:20:06,588 - INFO - The-Project.py:3274 - Theme setup completed
2025-04-09 16:20:06,612 - INFO - The-Project.py:3297 - Created frame: home
2025-04-09 16:20:06,616 - INFO - The-Project.py:3297 - Created frame: add
2025-04-09 16:20:06,619 - INFO - The-Project.py:3297 - Created frame: delete
2025-04-09 16:20:06,623 - INFO - The-Project.py:3297 - Created frame: edit
2025-04-09 16:20:06,626 - INFO - The-Project.py:3297 - Created frame: view
2025-04-09 16:20:06,629 - INFO - The-Project.py:3297 - Created frame: manage_installments
2025-04-09 16:20:06,633 - INFO - The-Project.py:3297 - Created frame: backup_restore
2025-04-09 16:20:06,637 - INFO - The-Project.py:3297 - Created frame: send_notification
2025-04-09 16:20:06,971 - INFO - The-Project.py:3317 - setup_home_page completed successfully
2025-04-09 16:20:07,104 - INFO - The-Project.py:3317 - setup_add_page completed successfully
2025-04-09 16:20:07,154 - INFO - The-Project.py:3317 - setup_view_page completed successfully
2025-04-09 16:20:07,177 - INFO - The-Project.py:3317 - setup_manage_installments_page completed successfully
2025-04-09 16:20:07,223 - INFO - The-Project.py:3317 - setup_backup_restore_page completed successfully
2025-04-09 16:20:07,256 - INFO - The-Project.py:3317 - setup_send_notification_page completed successfully
2025-04-09 16:20:07,257 - INFO - The-Project.py:3026 - Starting automatic installment check
2025-04-09 16:20:07,258 - INFO - The-Project.py:3158 - Notification thread started
2025-04-09 16:20:07,258 - INFO - The-Project.py:3044 - Checking notifications for 4 customers
2025-04-09 16:20:07,258 - INFO - The-Project.py:396 - Application starting...
2025-04-09 16:20:07,259 - INFO - The-Project.py:3146 - Notification check completed. Success: 0, Failed: 0, Skipped: 0
2025-04-15 20:19:00,844 - INFO - The-Project.py:356 - Starting application initialization...
2025-04-15 20:19:00,953 - INFO - The-Project.py:369 - Appearance mode set successfully
2025-04-15 20:19:00,954 - INFO - The-Project.py:381 - Window centered successfully
2025-04-15 20:19:00,955 - INFO - The-Project.py:135 - Theme setup completed successfully
2025-04-15 20:19:00,956 - INFO - The-Project.py:3311 - Theme setup completed
2025-04-15 20:19:00,973 - INFO - The-Project.py:3334 - Created frame: home
2025-04-15 20:19:00,975 - INFO - The-Project.py:3334 - Created frame: add
2025-04-15 20:19:00,977 - INFO - The-Project.py:3334 - Created frame: delete
2025-04-15 20:19:00,980 - INFO - The-Project.py:3334 - Created frame: edit
2025-04-15 20:19:00,982 - INFO - The-Project.py:3334 - Created frame: view
2025-04-15 20:19:00,984 - INFO - The-Project.py:3334 - Created frame: manage_installments
2025-04-15 20:19:00,985 - INFO - The-Project.py:3334 - Created frame: backup_restore
2025-04-15 20:19:00,987 - INFO - The-Project.py:3334 - Created frame: send_notification
2025-04-15 20:19:01,315 - INFO - The-Project.py:3354 - setup_home_page completed successfully
2025-04-15 20:19:01,444 - INFO - The-Project.py:3354 - setup_add_page completed successfully
2025-04-15 20:19:01,498 - INFO - The-Project.py:3354 - setup_view_page completed successfully
2025-04-15 20:19:01,522 - INFO - The-Project.py:3354 - setup_manage_installments_page completed successfully
2025-04-15 20:19:01,568 - INFO - The-Project.py:3354 - setup_backup_restore_page completed successfully
2025-04-15 20:19:01,590 - INFO - The-Project.py:3354 - setup_send_notification_page completed successfully
2025-04-15 20:19:01,590 - INFO - The-Project.py:3063 - Starting automatic installment check
2025-04-15 20:19:01,590 - INFO - The-Project.py:3195 - Notification thread started
2025-04-15 20:19:01,591 - INFO - The-Project.py:396 - Application starting...
2025-04-15 20:19:01,591 - INFO - The-Project.py:3068 - No customer data found for notifications
2025-04-16 22:24:58,113 - INFO - The-Project.py:356 - Starting application initialization...
2025-04-16 22:24:58,273 - INFO - The-Project.py:369 - Appearance mode set successfully
2025-04-16 22:24:58,273 - INFO - The-Project.py:381 - Window centered successfully
2025-04-16 22:24:58,275 - INFO - The-Project.py:135 - Theme setup completed successfully
2025-04-16 22:24:58,275 - INFO - The-Project.py:3311 - Theme setup completed
2025-04-16 22:24:58,299 - INFO - The-Project.py:3334 - Created frame: home
2025-04-16 22:24:58,300 - INFO - The-Project.py:3334 - Created frame: add
2025-04-16 22:24:58,302 - INFO - The-Project.py:3334 - Created frame: delete
2025-04-16 22:24:58,303 - INFO - The-Project.py:3334 - Created frame: edit
2025-04-16 22:24:58,306 - INFO - The-Project.py:3334 - Created frame: view
2025-04-16 22:24:58,309 - INFO - The-Project.py:3334 - Created frame: manage_installments
2025-04-16 22:24:58,311 - INFO - The-Project.py:3334 - Created frame: backup_restore
2025-04-16 22:24:58,313 - INFO - The-Project.py:3334 - Created frame: send_notification
2025-04-16 22:24:58,894 - INFO - The-Project.py:3354 - setup_home_page completed successfully
2025-04-16 22:24:59,011 - INFO - The-Project.py:3354 - setup_add_page completed successfully
2025-04-16 22:24:59,061 - INFO - The-Project.py:3354 - setup_view_page completed successfully
2025-04-16 22:24:59,078 - INFO - The-Project.py:3354 - setup_manage_installments_page completed successfully
2025-04-16 22:24:59,141 - INFO - The-Project.py:3354 - setup_backup_restore_page completed successfully
2025-04-16 22:24:59,173 - INFO - The-Project.py:3354 - setup_send_notification_page completed successfully
2025-04-16 22:24:59,174 - INFO - The-Project.py:3063 - Starting automatic installment check
2025-04-16 22:24:59,174 - INFO - The-Project.py:3195 - Notification thread started
2025-04-16 22:24:59,175 - INFO - The-Project.py:396 - Application starting...
2025-04-16 22:24:59,175 - INFO - The-Project.py:3068 - No customer data found for notifications
2025-04-16 22:26:19,840 - INFO - The-Project.py:705 - Backup created: backups\backup_20250416_222619.csv
2025-04-16 22:26:19,841 - INFO - The-Project.py:246 - Created customer directory: d:\installments trackerrrrrr\Installments-Tracker\customer_files\omar waleed elkamash
2025-04-16 22:26:19,845 - ERROR - The-Project.py:281 - Error adding file C:/Users/welwe/OneDrive/Pictures/Screenshots/problem.jpg for customer omar waleed elkamash: [Errno 22] Invalid argument
2025-04-16 22:26:19,845 - ERROR - The-Project.py:992 - Failed to save files for customer omar waleed elkamash
2025-04-16 22:26:59,860 - INFO - The-Project.py:705 - Backup created: backups\backup_20250416_222659.csv
2025-04-16 22:26:59,860 - ERROR - The-Project.py:621 - Missing required fields: ['Notified_Installments', 'Installment_Values']
2025-04-16 22:27:39,783 - INFO - The-Project.py:705 - Backup created: backups\backup_20250416_222739.csv
2025-04-16 22:28:03,319 - INFO - The-Project.py:705 - Backup created: backups\backup_20250416_222803.csv
2025-04-16 22:29:16,408 - INFO - The-Project.py:705 - Backup created: backups\backup_20250416_222916.csv
2025-04-16 22:29:18,881 - INFO - The-Project.py:2990 - Manual notification sent to hgdjshfijh at +201120530157
2025-04-16 22:33:00,312 - INFO - The-Project.py:356 - Starting application initialization...
2025-04-16 22:33:00,413 - INFO - The-Project.py:369 - Appearance mode set successfully
2025-04-16 22:33:00,413 - INFO - The-Project.py:381 - Window centered successfully
2025-04-16 22:33:00,414 - INFO - The-Project.py:135 - Theme setup completed successfully
2025-04-16 22:33:00,414 - INFO - The-Project.py:3296 - Theme setup completed
2025-04-16 22:33:00,433 - INFO - The-Project.py:3319 - Created frame: home
2025-04-16 22:33:00,435 - INFO - The-Project.py:3319 - Created frame: add
2025-04-16 22:33:00,437 - INFO - The-Project.py:3319 - Created frame: delete
2025-04-16 22:33:00,440 - INFO - The-Project.py:3319 - Created frame: edit
2025-04-16 22:33:00,443 - INFO - The-Project.py:3319 - Created frame: view
2025-04-16 22:33:00,446 - INFO - The-Project.py:3319 - Created frame: manage_installments
2025-04-16 22:33:00,449 - INFO - The-Project.py:3319 - Created frame: backup_restore
2025-04-16 22:33:00,452 - INFO - The-Project.py:3319 - Created frame: send_notification
2025-04-16 22:33:00,871 - INFO - The-Project.py:3339 - setup_home_page completed successfully
2025-04-16 22:33:00,978 - INFO - The-Project.py:3339 - setup_add_page completed successfully
2025-04-16 22:33:01,026 - INFO - The-Project.py:3339 - setup_view_page completed successfully
2025-04-16 22:33:01,044 - INFO - The-Project.py:3339 - setup_manage_installments_page completed successfully
2025-04-16 22:33:01,092 - INFO - The-Project.py:3339 - setup_backup_restore_page completed successfully
2025-04-16 22:33:01,109 - INFO - The-Project.py:3339 - setup_send_notification_page completed successfully
2025-04-16 22:33:01,110 - INFO - The-Project.py:3042 - Starting automatic installment check
2025-04-16 22:33:01,110 - INFO - The-Project.py:3174 - Notification thread started
2025-04-16 22:33:01,110 - INFO - The-Project.py:3060 - Checking notifications for 2 customers
2025-04-16 22:33:01,110 - INFO - The-Project.py:396 - Application starting...
2025-04-16 22:33:01,111 - INFO - The-Project.py:3162 - Notification check completed. Success: 0, Failed: 0, Skipped: 0
2025-04-16 22:33:33,636 - INFO - The-Project.py:705 - Backup created: backups\backup_20250416_223333.csv
2025-04-16 22:34:57,777 - INFO - The-Project.py:705 - Backup created: backups\backup_20250416_223457.csv
2025-04-16 22:35:05,589 - INFO - The-Project.py:705 - Backup created: backups\backup_20250416_223505.csv
2025-04-16 22:36:07,306 - INFO - The-Project.py:705 - Backup created: backups\backup_20250416_223607.csv
2025-04-16 22:41:19,907 - INFO - The-Project.py:356 - Starting application initialization...
2025-04-16 22:41:20,006 - INFO - The-Project.py:369 - Appearance mode set successfully
2025-04-16 22:41:20,007 - INFO - The-Project.py:381 - Window centered successfully
2025-04-16 22:41:20,008 - INFO - The-Project.py:135 - Theme setup completed successfully
2025-04-16 22:41:20,008 - INFO - The-Project.py:3330 - Theme setup completed
2025-04-16 22:41:20,025 - INFO - The-Project.py:3353 - Created frame: home
2025-04-16 22:41:20,027 - INFO - The-Project.py:3353 - Created frame: add
2025-04-16 22:41:20,028 - INFO - The-Project.py:3353 - Created frame: delete
2025-04-16 22:41:20,030 - INFO - The-Project.py:3353 - Created frame: edit
2025-04-16 22:41:20,032 - INFO - The-Project.py:3353 - Created frame: view
2025-04-16 22:41:20,034 - INFO - The-Project.py:3353 - Created frame: manage_installments
2025-04-16 22:41:20,037 - INFO - The-Project.py:3353 - Created frame: backup_restore
2025-04-16 22:41:20,040 - INFO - The-Project.py:3353 - Created frame: send_notification
2025-04-16 22:41:20,429 - INFO - The-Project.py:3373 - setup_home_page completed successfully
2025-04-16 22:41:20,530 - INFO - The-Project.py:3373 - setup_add_page completed successfully
2025-04-16 22:41:20,569 - INFO - The-Project.py:3373 - setup_view_page completed successfully
2025-04-16 22:41:20,586 - INFO - The-Project.py:3373 - setup_manage_installments_page completed successfully
2025-04-16 22:41:20,633 - INFO - The-Project.py:3373 - setup_backup_restore_page completed successfully
2025-04-16 22:41:20,648 - INFO - The-Project.py:3373 - setup_send_notification_page completed successfully
2025-04-16 22:41:20,648 - INFO - The-Project.py:3076 - Starting automatic installment check
2025-04-16 22:41:20,648 - INFO - The-Project.py:3208 - Notification thread started
2025-04-16 22:41:20,649 - INFO - The-Project.py:3094 - Checking notifications for 2 customers
2025-04-16 22:41:20,649 - INFO - The-Project.py:396 - Application starting...
2025-04-16 22:41:20,649 - INFO - The-Project.py:3196 - Notification check completed. Success: 0, Failed: 0, Skipped: 0
2025-04-16 22:41:32,439 - INFO - The-Project.py:705 - Backup created: backups\backup_20250416_224132.csv
2025-04-16 22:45:58,636 - INFO - The-Project.py:356 - Starting application initialization...
2025-04-16 22:45:58,738 - INFO - The-Project.py:369 - Appearance mode set successfully
2025-04-16 22:45:58,738 - INFO - The-Project.py:381 - Window centered successfully
2025-04-16 22:45:58,739 - INFO - The-Project.py:135 - Theme setup completed successfully
2025-04-16 22:45:58,739 - INFO - The-Project.py:2687 - Theme setup completed
2025-04-16 22:45:58,757 - INFO - The-Project.py:2710 - Created frame: home
2025-04-16 22:45:58,758 - INFO - The-Project.py:2710 - Created frame: add
2025-04-16 22:45:58,760 - INFO - The-Project.py:2710 - Created frame: delete
2025-04-16 22:45:58,762 - INFO - The-Project.py:2710 - Created frame: edit
2025-04-16 22:45:58,764 - INFO - The-Project.py:2710 - Created frame: view
2025-04-16 22:45:58,766 - INFO - The-Project.py:2710 - Created frame: manage_installments
2025-04-16 22:45:58,769 - INFO - The-Project.py:2710 - Created frame: backup_restore
2025-04-16 22:45:58,771 - INFO - The-Project.py:2710 - Created frame: send_notification
2025-04-16 22:45:59,183 - INFO - The-Project.py:2730 - setup_home_page completed successfully
2025-04-16 22:45:59,287 - INFO - The-Project.py:2730 - setup_add_page completed successfully
2025-04-16 22:45:59,303 - ERROR - The-Project.py:2732 - Error in setup_view_page: name 'edit_customer' is not defined
2025-04-16 22:45:59,305 - CRITICAL - The-Project.py:2742 - Application failed to start: name 'edit_customer' is not defined
Traceback (most recent call last):
  File "d:\installments trackerrrrrr\Installments-Tracker\The-Project.py", line 2729, in <module>
    func()
  File "d:\installments trackerrrrrr\Installments-Tracker\The-Project.py", line 1741, in setup_view_page
    command=edit_customer
            ^^^^^^^^^^^^^
NameError: name 'edit_customer' is not defined

2025-04-16 22:54:15,247 - INFO - The-Project.py:356 - Starting application initialization...
2025-04-16 22:54:15,347 - INFO - The-Project.py:369 - Appearance mode set successfully
2025-04-16 22:54:15,347 - INFO - The-Project.py:381 - Window centered successfully
2025-04-16 22:54:15,348 - INFO - The-Project.py:135 - Theme setup completed successfully
2025-04-16 22:54:15,348 - INFO - The-Project.py:2923 - Theme setup completed
2025-04-16 22:54:15,365 - INFO - The-Project.py:2946 - Created frame: home
2025-04-16 22:54:15,367 - INFO - The-Project.py:2946 - Created frame: add
2025-04-16 22:54:15,368 - INFO - The-Project.py:2946 - Created frame: delete
2025-04-16 22:54:15,370 - INFO - The-Project.py:2946 - Created frame: edit
2025-04-16 22:54:15,371 - INFO - The-Project.py:2946 - Created frame: view
2025-04-16 22:54:15,372 - INFO - The-Project.py:2946 - Created frame: manage_installments
2025-04-16 22:54:15,374 - INFO - The-Project.py:2946 - Created frame: backup_restore
2025-04-16 22:54:15,375 - INFO - The-Project.py:2946 - Created frame: send_notification
2025-04-16 22:54:15,805 - INFO - The-Project.py:2966 - setup_home_page completed successfully
2025-04-16 22:54:15,924 - INFO - The-Project.py:2966 - setup_add_page completed successfully
2025-04-16 22:54:15,953 - ERROR - The-Project.py:173 - Error creating button: 'success'
2025-04-16 22:54:15,954 - ERROR - The-Project.py:2968 - Error in setup_view_page: 'success'
2025-04-16 22:54:15,955 - CRITICAL - The-Project.py:2978 - Application failed to start: 'success'
Traceback (most recent call last):
  File "d:\installments trackerrrrrr\Installments-Tracker\The-Project.py", line 2965, in <module>
    func()
  File "d:\installments trackerrrrrr\Installments-Tracker\The-Project.py", line 1761, in setup_view_page
    StyleManager.create_button(
  File "d:\installments trackerrrrrr\Installments-Tracker\The-Project.py", line 169, in create_button
    button_style = cls.BUTTON_STYLES[style].copy()
                   ~~~~~~~~~~~~~~~~~^^^^^^^
KeyError: 'success'

2025-04-16 22:54:31,797 - INFO - The-Project.py:356 - Starting application initialization...
2025-04-16 22:54:31,902 - INFO - The-Project.py:369 - Appearance mode set successfully
2025-04-16 22:54:31,902 - INFO - The-Project.py:381 - Window centered successfully
2025-04-16 22:54:31,902 - INFO - The-Project.py:135 - Theme setup completed successfully
2025-04-16 22:54:31,904 - INFO - The-Project.py:2923 - Theme setup completed
2025-04-16 22:54:31,925 - INFO - The-Project.py:2946 - Created frame: home
2025-04-16 22:54:31,927 - INFO - The-Project.py:2946 - Created frame: add
2025-04-16 22:54:31,928 - INFO - The-Project.py:2946 - Created frame: delete
2025-04-16 22:54:31,931 - INFO - The-Project.py:2946 - Created frame: edit
2025-04-16 22:54:31,933 - INFO - The-Project.py:2946 - Created frame: view
2025-04-16 22:54:31,935 - INFO - The-Project.py:2946 - Created frame: manage_installments
2025-04-16 22:54:31,938 - INFO - The-Project.py:2946 - Created frame: backup_restore
2025-04-16 22:54:31,940 - INFO - The-Project.py:2946 - Created frame: send_notification
2025-04-16 22:54:32,376 - INFO - The-Project.py:2966 - setup_home_page completed successfully
2025-04-16 22:54:32,485 - INFO - The-Project.py:2966 - setup_add_page completed successfully
2025-04-16 22:54:32,508 - ERROR - The-Project.py:173 - Error creating button: 'success'
2025-04-16 22:54:32,508 - ERROR - The-Project.py:2968 - Error in setup_view_page: 'success'
2025-04-16 22:54:32,510 - CRITICAL - The-Project.py:2978 - Application failed to start: 'success'
Traceback (most recent call last):
  File "d:\installments trackerrrrrr\Installments-Tracker\The-Project.py", line 2965, in <module>
    func()
  File "d:\installments trackerrrrrr\Installments-Tracker\The-Project.py", line 1761, in setup_view_page
    StyleManager.create_button(
  File "d:\installments trackerrrrrr\Installments-Tracker\The-Project.py", line 169, in create_button
    button_style = cls.BUTTON_STYLES[style].copy()
                   ~~~~~~~~~~~~~~~~~^^^^^^^
KeyError: 'success'

2025-04-16 22:59:49,992 - INFO - The-Project.py:356 - Starting application initialization...
2025-04-16 22:59:50,090 - INFO - The-Project.py:369 - Appearance mode set successfully
2025-04-16 22:59:50,090 - INFO - The-Project.py:381 - Window centered successfully
2025-04-16 22:59:50,091 - INFO - The-Project.py:135 - Theme setup completed successfully
2025-04-16 22:59:50,091 - INFO - The-Project.py:2923 - Theme setup completed
2025-04-16 22:59:50,108 - INFO - The-Project.py:2946 - Created frame: home
2025-04-16 22:59:50,109 - INFO - The-Project.py:2946 - Created frame: add
2025-04-16 22:59:50,111 - INFO - The-Project.py:2946 - Created frame: delete
2025-04-16 22:59:50,113 - INFO - The-Project.py:2946 - Created frame: edit
2025-04-16 22:59:50,114 - INFO - The-Project.py:2946 - Created frame: view
2025-04-16 22:59:50,116 - INFO - The-Project.py:2946 - Created frame: manage_installments
2025-04-16 22:59:50,117 - INFO - The-Project.py:2946 - Created frame: backup_restore
2025-04-16 22:59:50,118 - INFO - The-Project.py:2946 - Created frame: send_notification
2025-04-16 22:59:50,512 - INFO - The-Project.py:2966 - setup_home_page completed successfully
2025-04-16 22:59:50,636 - INFO - The-Project.py:2966 - setup_add_page completed successfully
2025-04-16 22:59:50,659 - ERROR - The-Project.py:173 - Error creating button: 'success'
2025-04-16 22:59:50,659 - ERROR - The-Project.py:2968 - Error in setup_view_page: 'success'
2025-04-16 22:59:50,661 - CRITICAL - The-Project.py:2978 - Application failed to start: 'success'
Traceback (most recent call last):
  File "d:\installments trackerrrrrr\Installments-Tracker\The-Project.py", line 2965, in <module>
    func()
  File "d:\installments trackerrrrrr\Installments-Tracker\The-Project.py", line 1761, in setup_view_page
    StyleManager.create_button(
  File "d:\installments trackerrrrrr\Installments-Tracker\The-Project.py", line 169, in create_button
    button_style = cls.BUTTON_STYLES[style].copy()
                   ~~~~~~~~~~~~~~~~~^^^^^^^
KeyError: 'success'

2025-04-16 23:01:47,834 - INFO - The-Project.py:356 - Starting application initialization...
2025-04-16 23:01:47,935 - INFO - The-Project.py:369 - Appearance mode set successfully
2025-04-16 23:01:47,936 - INFO - The-Project.py:381 - Window centered successfully
2025-04-16 23:01:47,937 - INFO - The-Project.py:135 - Theme setup completed successfully
2025-04-16 23:01:47,937 - INFO - The-Project.py:2923 - Theme setup completed
2025-04-16 23:01:47,955 - INFO - The-Project.py:2946 - Created frame: home
2025-04-16 23:01:47,957 - INFO - The-Project.py:2946 - Created frame: add
2025-04-16 23:01:47,959 - INFO - The-Project.py:2946 - Created frame: delete
2025-04-16 23:01:47,961 - INFO - The-Project.py:2946 - Created frame: edit
2025-04-16 23:01:47,963 - INFO - The-Project.py:2946 - Created frame: view
2025-04-16 23:01:47,965 - INFO - The-Project.py:2946 - Created frame: manage_installments
2025-04-16 23:01:47,966 - INFO - The-Project.py:2946 - Created frame: backup_restore
2025-04-16 23:01:47,968 - INFO - The-Project.py:2946 - Created frame: send_notification
2025-04-16 23:01:48,373 - INFO - The-Project.py:2966 - setup_home_page completed successfully
2025-04-16 23:01:48,515 - INFO - The-Project.py:2966 - setup_add_page completed successfully
2025-04-16 23:01:48,537 - ERROR - The-Project.py:173 - Error creating button: 'success'
2025-04-16 23:01:48,537 - ERROR - The-Project.py:2968 - Error in setup_view_page: 'success'
2025-04-16 23:01:48,539 - CRITICAL - The-Project.py:2978 - Application failed to start: 'success'
Traceback (most recent call last):
  File "d:\installments trackerrrrrr\Installments-Tracker\The-Project.py", line 2965, in <module>
    func()
  File "d:\installments trackerrrrrr\Installments-Tracker\The-Project.py", line 1761, in setup_view_page
    StyleManager.create_button(
  File "d:\installments trackerrrrrr\Installments-Tracker\The-Project.py", line 169, in create_button
    button_style = cls.BUTTON_STYLES[style].copy()
                   ~~~~~~~~~~~~~~~~~^^^^^^^
KeyError: 'success'

2025-04-16 23:09:19,192 - INFO - The-Project.py:356 - Starting application initialization...
2025-04-16 23:09:19,297 - INFO - The-Project.py:369 - Appearance mode set successfully
2025-04-16 23:09:19,297 - INFO - The-Project.py:381 - Window centered successfully
2025-04-16 23:09:19,298 - INFO - The-Project.py:135 - Theme setup completed successfully
2025-04-16 23:09:19,298 - INFO - The-Project.py:2924 - Theme setup completed
2025-04-16 23:09:19,315 - INFO - The-Project.py:2947 - Created frame: home
2025-04-16 23:09:19,317 - INFO - The-Project.py:2947 - Created frame: add
2025-04-16 23:09:19,319 - INFO - The-Project.py:2947 - Created frame: delete
2025-04-16 23:09:19,321 - INFO - The-Project.py:2947 - Created frame: edit
2025-04-16 23:09:19,323 - INFO - The-Project.py:2947 - Created frame: view
2025-04-16 23:09:19,325 - INFO - The-Project.py:2947 - Created frame: manage_installments
2025-04-16 23:09:19,326 - INFO - The-Project.py:2947 - Created frame: backup_restore
2025-04-16 23:09:19,330 - INFO - The-Project.py:2947 - Created frame: send_notification
2025-04-16 23:09:19,704 - INFO - The-Project.py:2967 - setup_home_page completed successfully
2025-04-16 23:09:19,823 - INFO - The-Project.py:2967 - setup_add_page completed successfully
2025-04-16 23:09:19,848 - ERROR - The-Project.py:173 - Error creating button: 'success'
2025-04-16 23:09:19,849 - ERROR - The-Project.py:2969 - Error in setup_view_page: 'success'
2025-04-16 23:09:19,851 - CRITICAL - The-Project.py:2979 - Application failed to start: 'success'
Traceback (most recent call last):
  File "d:\installments trackerrrrrr\Installments-Tracker\The-Project.py", line 2966, in <module>
    func()
  File "d:\installments trackerrrrrr\Installments-Tracker\The-Project.py", line 1762, in setup_view_page
    StyleManager.create_button(
  File "d:\installments trackerrrrrr\Installments-Tracker\The-Project.py", line 169, in create_button
    button_style = cls.BUTTON_STYLES[style].copy()
                   ~~~~~~~~~~~~~~~~~^^^^^^^
KeyError: 'success'

2025-04-16 23:11:12,377 - INFO - The-Project.py:356 - Starting application initialization...
2025-04-16 23:11:12,515 - INFO - The-Project.py:369 - Appearance mode set successfully
2025-04-16 23:11:12,515 - INFO - The-Project.py:381 - Window centered successfully
2025-04-16 23:11:12,516 - INFO - The-Project.py:135 - Theme setup completed successfully
2025-04-16 23:11:12,516 - INFO - The-Project.py:3330 - Theme setup completed
2025-04-16 23:11:12,542 - INFO - The-Project.py:3353 - Created frame: home
2025-04-16 23:11:12,544 - INFO - The-Project.py:3353 - Created frame: add
2025-04-16 23:11:12,546 - INFO - The-Project.py:3353 - Created frame: delete
2025-04-16 23:11:12,550 - INFO - The-Project.py:3353 - Created frame: edit
2025-04-16 23:11:12,554 - INFO - The-Project.py:3353 - Created frame: view
2025-04-16 23:11:12,557 - INFO - The-Project.py:3353 - Created frame: manage_installments
2025-04-16 23:11:12,561 - INFO - The-Project.py:3353 - Created frame: backup_restore
2025-04-16 23:11:12,564 - INFO - The-Project.py:3353 - Created frame: send_notification
2025-04-16 23:11:12,981 - INFO - The-Project.py:3373 - setup_home_page completed successfully
2025-04-16 23:11:13,123 - INFO - The-Project.py:3373 - setup_add_page completed successfully
2025-04-16 23:11:13,177 - INFO - The-Project.py:3373 - setup_view_page completed successfully
2025-04-16 23:11:13,195 - INFO - The-Project.py:3373 - setup_manage_installments_page completed successfully
2025-04-16 23:11:13,250 - INFO - The-Project.py:3373 - setup_backup_restore_page completed successfully
2025-04-16 23:11:13,266 - INFO - The-Project.py:3373 - setup_send_notification_page completed successfully
2025-04-16 23:11:13,267 - INFO - The-Project.py:3076 - Starting automatic installment check
2025-04-16 23:11:13,267 - INFO - The-Project.py:3208 - Notification thread started
2025-04-16 23:11:13,267 - INFO - The-Project.py:3094 - Checking notifications for 2 customers
2025-04-16 23:11:13,267 - INFO - The-Project.py:396 - Application starting...
2025-04-16 23:11:13,268 - INFO - The-Project.py:3131 - Found upcoming payment for hgdjshfijh due in 0 days
2025-04-16 23:11:15,269 - INFO - The-Project.py:3157 - Attempt 1 to send notification to hgdjshfijh at +201120530157
2025-04-16 23:11:27,093 - INFO - The-Project.py:705 - Backup created: backups\backup_20250416_231127.csv
2025-04-16 23:11:40,799 - INFO - The-Project.py:705 - Backup created: backups\backup_20250416_231140.csv
2025-04-16 23:11:40,799 - INFO - The-Project.py:3172 - Automatic notification sent to hgdjshfijh at +201120530157 for installment 2025-04-17
2025-04-16 23:11:40,799 - INFO - The-Project.py:3196 - Notification check completed. Success: 1, Failed: 0, Skipped: 0
2025-04-16 23:12:11,645 - INFO - The-Project.py:705 - Backup created: backups\backup_20250416_231211.csv
2025-04-16 23:12:51,502 - INFO - The-Project.py:705 - Backup created: backups\backup_20250416_231251.csv
2025-04-16 23:12:51,510 - INFO - The-Project.py:705 - Backup created: backups\backup_20250416_231251.csv
2025-04-16 23:15:04,667 - INFO - The-Project.py:356 - Starting application initialization...
2025-04-16 23:15:04,772 - INFO - The-Project.py:369 - Appearance mode set successfully
2025-04-16 23:15:04,772 - INFO - The-Project.py:381 - Window centered successfully
2025-04-16 23:15:04,773 - INFO - The-Project.py:135 - Theme setup completed successfully
2025-04-16 23:15:04,773 - INFO - The-Project.py:3330 - Theme setup completed
2025-04-16 23:15:04,789 - INFO - The-Project.py:3353 - Created frame: home
2025-04-16 23:15:04,791 - INFO - The-Project.py:3353 - Created frame: add
2025-04-16 23:15:04,793 - INFO - The-Project.py:3353 - Created frame: delete
2025-04-16 23:15:04,795 - INFO - The-Project.py:3353 - Created frame: edit
2025-04-16 23:15:04,796 - INFO - The-Project.py:3353 - Created frame: view
2025-04-16 23:15:04,798 - INFO - The-Project.py:3353 - Created frame: manage_installments
2025-04-16 23:15:04,800 - INFO - The-Project.py:3353 - Created frame: backup_restore
2025-04-16 23:15:04,802 - INFO - The-Project.py:3353 - Created frame: send_notification
2025-04-16 23:15:05,200 - INFO - The-Project.py:3373 - setup_home_page completed successfully
2025-04-16 23:15:05,342 - INFO - The-Project.py:3373 - setup_add_page completed successfully
2025-04-16 23:15:05,399 - INFO - The-Project.py:3373 - setup_view_page completed successfully
2025-04-16 23:15:05,420 - INFO - The-Project.py:3373 - setup_manage_installments_page completed successfully
2025-04-16 23:15:05,475 - INFO - The-Project.py:3373 - setup_backup_restore_page completed successfully
2025-04-16 23:15:05,495 - INFO - The-Project.py:3373 - setup_send_notification_page completed successfully
2025-04-16 23:15:05,495 - INFO - The-Project.py:3076 - Starting automatic installment check
2025-04-16 23:15:05,495 - INFO - The-Project.py:3208 - Notification thread started
2025-04-16 23:15:05,496 - INFO - The-Project.py:3094 - Checking notifications for 2 customers
2025-04-16 23:15:05,496 - INFO - The-Project.py:396 - Application starting...
2025-04-16 23:15:05,496 - INFO - The-Project.py:3196 - Notification check completed. Success: 0, Failed: 0, Skipped: 0
2025-04-17 02:27:49,145 - INFO - The-Project.py:356 - Starting application initialization...
2025-04-17 02:27:49,319 - INFO - The-Project.py:369 - Appearance mode set successfully
2025-04-17 02:27:49,320 - INFO - The-Project.py:381 - Window centered successfully
2025-04-17 02:27:49,321 - INFO - The-Project.py:135 - Theme setup completed successfully
2025-04-17 02:27:49,321 - INFO - The-Project.py:3330 - Theme setup completed
2025-04-17 02:27:49,389 - INFO - The-Project.py:3353 - Created frame: home
2025-04-17 02:27:49,392 - INFO - The-Project.py:3353 - Created frame: add
2025-04-17 02:27:49,396 - INFO - The-Project.py:3353 - Created frame: delete
2025-04-17 02:27:49,400 - INFO - The-Project.py:3353 - Created frame: edit
2025-04-17 02:27:49,403 - INFO - The-Project.py:3353 - Created frame: view
2025-04-17 02:27:49,404 - INFO - The-Project.py:3353 - Created frame: manage_installments
2025-04-17 02:27:49,408 - INFO - The-Project.py:3353 - Created frame: backup_restore
2025-04-17 02:27:49,411 - INFO - The-Project.py:3353 - Created frame: send_notification
2025-04-17 02:27:50,467 - INFO - The-Project.py:3373 - setup_home_page completed successfully
2025-04-17 02:27:50,640 - INFO - The-Project.py:3373 - setup_add_page completed successfully
2025-04-17 02:27:50,710 - INFO - The-Project.py:3373 - setup_view_page completed successfully
2025-04-17 02:27:50,743 - INFO - The-Project.py:3373 - setup_manage_installments_page completed successfully
2025-04-17 02:27:50,808 - INFO - The-Project.py:3373 - setup_backup_restore_page completed successfully
2025-04-17 02:27:50,830 - INFO - The-Project.py:3373 - setup_send_notification_page completed successfully
2025-04-17 02:27:50,831 - INFO - The-Project.py:3076 - Starting automatic installment check
2025-04-17 02:27:50,831 - INFO - The-Project.py:3208 - Notification thread started
2025-04-17 02:27:50,831 - INFO - The-Project.py:3094 - Checking notifications for 2 customers
2025-04-17 02:27:50,832 - INFO - The-Project.py:396 - Application starting...
2025-04-17 02:27:50,832 - INFO - The-Project.py:3196 - Notification check completed. Success: 0, Failed: 0, Skipped: 0
2025-04-17 02:32:32,804 - INFO - The-Project.py:356 - Starting application initialization...
2025-04-17 02:32:32,938 - INFO - The-Project.py:369 - Appearance mode set successfully
2025-04-17 02:32:32,938 - INFO - The-Project.py:381 - Window centered successfully
2025-04-17 02:32:32,939 - INFO - The-Project.py:135 - Theme setup completed successfully
2025-04-17 02:32:32,939 - INFO - The-Project.py:3105 - Theme setup completed
2025-04-17 02:32:32,976 - INFO - The-Project.py:3128 - Created frame: home
2025-04-17 02:32:32,982 - INFO - The-Project.py:3128 - Created frame: add
2025-04-17 02:32:32,985 - INFO - The-Project.py:3128 - Created frame: delete
2025-04-17 02:32:32,988 - INFO - The-Project.py:3128 - Created frame: edit
2025-04-17 02:32:32,989 - INFO - The-Project.py:3128 - Created frame: view
2025-04-17 02:32:32,993 - INFO - The-Project.py:3128 - Created frame: manage_installments
2025-04-17 02:32:32,997 - INFO - The-Project.py:3128 - Created frame: backup_restore
2025-04-17 02:32:33,000 - INFO - The-Project.py:3128 - Created frame: send_notification
2025-04-17 02:32:33,460 - INFO - The-Project.py:3148 - setup_home_page completed successfully
2025-04-17 02:32:33,617 - INFO - The-Project.py:3148 - setup_add_page completed successfully
2025-04-17 02:32:33,669 - INFO - The-Project.py:3148 - setup_view_page completed successfully
2025-04-17 02:32:33,691 - INFO - The-Project.py:3148 - setup_manage_installments_page completed successfully
2025-04-17 02:32:33,747 - INFO - The-Project.py:3148 - setup_backup_restore_page completed successfully
2025-04-17 02:32:33,766 - INFO - The-Project.py:3148 - setup_send_notification_page completed successfully
2025-04-17 02:32:33,767 - INFO - The-Project.py:2795 - Starting automatic installment check
2025-04-17 02:32:33,767 - INFO - The-Project.py:2927 - Notification thread started
2025-04-17 02:32:33,767 - INFO - The-Project.py:2813 - Checking notifications for 2 customers
2025-04-17 02:32:33,767 - INFO - The-Project.py:396 - Application starting...
2025-04-17 02:32:33,768 - INFO - The-Project.py:2915 - Notification check completed. Success: 0, Failed: 0, Skipped: 0
2025-04-17 02:32:43,947 - INFO - The-Project.py:705 - Backup created: backups\backup_20250417_023243.csv
2025-04-17 02:35:46,766 - INFO - The-Project.py:356 - Starting application initialization...
2025-04-17 02:35:46,872 - INFO - The-Project.py:369 - Appearance mode set successfully
2025-04-17 02:35:46,872 - INFO - The-Project.py:381 - Window centered successfully
2025-04-17 02:35:46,873 - INFO - The-Project.py:135 - Theme setup completed successfully
2025-04-17 02:35:46,873 - INFO - The-Project.py:3112 - Theme setup completed
2025-04-17 02:35:46,893 - INFO - The-Project.py:3135 - Created frame: home
2025-04-17 02:35:46,896 - INFO - The-Project.py:3135 - Created frame: add
2025-04-17 02:35:46,900 - INFO - The-Project.py:3135 - Created frame: delete
2025-04-17 02:35:46,903 - INFO - The-Project.py:3135 - Created frame: edit
2025-04-17 02:35:46,906 - INFO - The-Project.py:3135 - Created frame: view
2025-04-17 02:35:46,908 - INFO - The-Project.py:3135 - Created frame: manage_installments
2025-04-17 02:35:46,911 - INFO - The-Project.py:3135 - Created frame: backup_restore
2025-04-17 02:35:46,915 - INFO - The-Project.py:3135 - Created frame: send_notification
2025-04-17 02:35:47,352 - INFO - The-Project.py:3155 - setup_home_page completed successfully
2025-04-17 02:35:47,505 - INFO - The-Project.py:3155 - setup_add_page completed successfully
2025-04-17 02:35:47,568 - INFO - The-Project.py:3155 - setup_view_page completed successfully
2025-04-17 02:35:47,603 - INFO - The-Project.py:3155 - setup_manage_installments_page completed successfully
2025-04-17 02:35:47,663 - INFO - The-Project.py:3155 - setup_backup_restore_page completed successfully
2025-04-17 02:35:47,684 - INFO - The-Project.py:3155 - setup_send_notification_page completed successfully
2025-04-17 02:35:47,685 - INFO - The-Project.py:2802 - Starting automatic installment check
2025-04-17 02:35:47,685 - INFO - The-Project.py:2934 - Notification thread started
2025-04-17 02:35:47,685 - INFO - The-Project.py:2820 - Checking notifications for 2 customers
2025-04-17 02:35:47,685 - INFO - The-Project.py:396 - Application starting...
2025-04-17 02:35:47,686 - INFO - The-Project.py:2922 - Notification check completed. Success: 0, Failed: 0, Skipped: 0
2025-04-17 02:35:54,010 - INFO - The-Project.py:705 - Backup created: backups\backup_20250417_023554.csv
2025-04-17 02:36:28,533 - INFO - The-Project.py:705 - Backup created: backups\backup_20250417_023628.csv
2025-04-17 02:36:28,534 - ERROR - The-Project.py:621 - Missing required fields: ['Notified_Installments', 'Installment_Values']
2025-04-17 02:36:32,209 - ERROR - The-Project.py:682 - Customer not found: grsedfp[iojugasdeiorufgjhn
2025-04-17 02:36:37,410 - ERROR - The-Project.py:682 - Customer not found: grsedfp[iojugasdeiorufgjhn
2025-04-17 02:37:05,356 - INFO - The-Project.py:356 - Starting application initialization...
2025-04-17 02:37:05,462 - INFO - The-Project.py:369 - Appearance mode set successfully
2025-04-17 02:37:05,462 - INFO - The-Project.py:381 - Window centered successfully
2025-04-17 02:37:05,464 - INFO - The-Project.py:135 - Theme setup completed successfully
2025-04-17 02:37:05,464 - INFO - The-Project.py:3112 - Theme setup completed
2025-04-17 02:37:05,485 - INFO - The-Project.py:3135 - Created frame: home
2025-04-17 02:37:05,489 - INFO - The-Project.py:3135 - Created frame: add
2025-04-17 02:37:05,490 - INFO - The-Project.py:3135 - Created frame: delete
2025-04-17 02:37:05,492 - INFO - The-Project.py:3135 - Created frame: edit
2025-04-17 02:37:05,495 - INFO - The-Project.py:3135 - Created frame: view
2025-04-17 02:37:05,497 - INFO - The-Project.py:3135 - Created frame: manage_installments
2025-04-17 02:37:05,500 - INFO - The-Project.py:3135 - Created frame: backup_restore
2025-04-17 02:37:05,502 - INFO - The-Project.py:3135 - Created frame: send_notification
2025-04-17 02:37:05,978 - INFO - The-Project.py:3155 - setup_home_page completed successfully
2025-04-17 02:37:06,140 - INFO - The-Project.py:3155 - setup_add_page completed successfully
2025-04-17 02:37:06,196 - INFO - The-Project.py:3155 - setup_view_page completed successfully
2025-04-17 02:37:06,217 - INFO - The-Project.py:3155 - setup_manage_installments_page completed successfully
2025-04-17 02:37:06,276 - INFO - The-Project.py:3155 - setup_backup_restore_page completed successfully
2025-04-17 02:37:06,294 - INFO - The-Project.py:3155 - setup_send_notification_page completed successfully
2025-04-17 02:37:06,294 - INFO - The-Project.py:2802 - Starting automatic installment check
2025-04-17 02:37:06,295 - INFO - The-Project.py:2934 - Notification thread started
2025-04-17 02:37:06,295 - INFO - The-Project.py:2820 - Checking notifications for 1 customers
2025-04-17 02:37:06,295 - INFO - The-Project.py:396 - Application starting...
2025-04-17 02:37:06,296 - INFO - The-Project.py:2922 - Notification check completed. Success: 0, Failed: 0, Skipped: 0
2025-04-17 02:37:16,270 - INFO - The-Project.py:705 - Backup created: backups\backup_20250417_023716.csv
2025-04-17 03:20:57,974 - INFO - The-Project.py:842 - Starting application initialization...
2025-04-17 03:20:58,106 - INFO - The-Project.py:855 - Appearance mode set successfully
2025-04-17 03:20:58,107 - INFO - The-Project.py:867 - Window centered successfully
2025-04-17 03:20:58,108 - INFO - The-Project.py:135 - Theme setup completed successfully
2025-04-17 03:20:58,108 - INFO - The-Project.py:2182 - Theme setup completed
2025-04-17 03:20:58,130 - INFO - The-Project.py:2205 - Created frame: home
2025-04-17 03:20:58,134 - INFO - The-Project.py:2205 - Created frame: add
2025-04-17 03:20:58,135 - INFO - The-Project.py:2205 - Created frame: delete
2025-04-17 03:20:58,139 - INFO - The-Project.py:2205 - Created frame: edit
2025-04-17 03:20:58,140 - INFO - The-Project.py:2205 - Created frame: view
2025-04-17 03:20:58,141 - INFO - The-Project.py:2205 - Created frame: manage
2025-04-17 03:20:58,143 - INFO - The-Project.py:2205 - Created frame: backup_restore
2025-04-17 03:20:58,144 - INFO - The-Project.py:2205 - Created frame: send_notification
2025-04-17 03:20:58,486 - INFO - The-Project.py:2225 - setup_home_page completed successfully
2025-04-17 03:20:58,650 - INFO - The-Project.py:2225 - setup_add_page completed successfully
2025-04-17 03:20:58,668 - ERROR - The-Project.py:1198 - Error performing search: '[' was never closed (<string>, line 1)
2025-04-17 03:22:17,262 - INFO - The-Project.py:842 - Starting application initialization...
2025-04-17 03:22:17,401 - INFO - The-Project.py:855 - Appearance mode set successfully
2025-04-17 03:22:17,409 - INFO - The-Project.py:867 - Window centered successfully
2025-04-17 03:22:17,411 - INFO - The-Project.py:135 - Theme setup completed successfully
2025-04-17 03:22:17,413 - INFO - The-Project.py:2182 - Theme setup completed
2025-04-17 03:22:17,448 - INFO - The-Project.py:2205 - Created frame: home
2025-04-17 03:22:17,454 - INFO - The-Project.py:2205 - Created frame: add
2025-04-17 03:22:17,459 - INFO - The-Project.py:2205 - Created frame: delete
2025-04-17 03:22:17,462 - INFO - The-Project.py:2205 - Created frame: edit
2025-04-17 03:22:17,466 - INFO - The-Project.py:2205 - Created frame: view
2025-04-17 03:22:17,469 - INFO - The-Project.py:2205 - Created frame: manage
2025-04-17 03:22:17,471 - INFO - The-Project.py:2205 - Created frame: backup_restore
2025-04-17 03:22:17,474 - INFO - The-Project.py:2205 - Created frame: send_notification
2025-04-17 03:22:17,861 - INFO - The-Project.py:2225 - setup_home_page completed successfully
2025-04-17 03:22:18,060 - INFO - The-Project.py:2225 - setup_add_page completed successfully
2025-04-17 03:22:18,082 - ERROR - The-Project.py:1198 - Error performing search: '[' was never closed (<string>, line 1)
2025-04-17 03:24:33,881 - INFO - The-Project.py:842 - Starting application initialization...
2025-04-17 03:24:33,966 - INFO - The-Project.py:855 - Appearance mode set successfully
2025-04-17 03:24:33,967 - INFO - The-Project.py:867 - Window centered successfully
2025-04-17 03:24:33,967 - INFO - The-Project.py:135 - Theme setup completed successfully
2025-04-17 03:24:33,967 - INFO - The-Project.py:2203 - Theme setup completed
2025-04-17 03:24:33,991 - INFO - The-Project.py:2226 - Created frame: home
2025-04-17 03:24:33,993 - INFO - The-Project.py:2226 - Created frame: add
2025-04-17 03:24:33,994 - INFO - The-Project.py:2226 - Created frame: delete
2025-04-17 03:24:33,996 - INFO - The-Project.py:2226 - Created frame: edit
2025-04-17 03:24:33,998 - INFO - The-Project.py:2226 - Created frame: view
2025-04-17 03:24:33,999 - INFO - The-Project.py:2226 - Created frame: manage
2025-04-17 03:24:34,001 - INFO - The-Project.py:2226 - Created frame: backup_restore
2025-04-17 03:24:34,004 - INFO - The-Project.py:2226 - Created frame: send_notification
2025-04-17 03:24:34,400 - INFO - The-Project.py:2246 - setup_home_page completed successfully
2025-04-17 03:24:34,530 - INFO - The-Project.py:2246 - setup_add_page completed successfully
2025-04-17 03:24:34,540 - INFO - The-Project.py:2246 - setup_view_page completed successfully
2025-04-17 03:24:34,553 - ERROR - The-Project.py:1296 - Error performing installment search: leading zeros in decimal integer literals are not permitted; use an 0o prefix for octal integers (<string>, line 1)
2025-04-17 03:28:13,884 - INFO - The-Project.py:842 - Starting application initialization...
2025-04-17 03:28:13,992 - INFO - The-Project.py:855 - Appearance mode set successfully
2025-04-17 03:28:13,992 - INFO - The-Project.py:867 - Window centered successfully
2025-04-17 03:28:13,993 - INFO - The-Project.py:135 - Theme setup completed successfully
2025-04-17 03:28:13,994 - INFO - The-Project.py:2249 - Theme setup completed
2025-04-17 03:28:14,012 - INFO - The-Project.py:2272 - Created frame: home
2025-04-17 03:28:14,016 - INFO - The-Project.py:2272 - Created frame: add
2025-04-17 03:28:14,019 - INFO - The-Project.py:2272 - Created frame: delete
2025-04-17 03:28:14,022 - INFO - The-Project.py:2272 - Created frame: edit
2025-04-17 03:28:14,023 - INFO - The-Project.py:2272 - Created frame: view
2025-04-17 03:28:14,026 - INFO - The-Project.py:2272 - Created frame: manage
2025-04-17 03:28:14,030 - INFO - The-Project.py:2272 - Created frame: backup_restore
2025-04-17 03:28:14,032 - INFO - The-Project.py:2272 - Created frame: send_notification
2025-04-17 03:28:14,448 - INFO - The-Project.py:2292 - setup_home_page completed successfully
2025-04-17 03:28:14,608 - INFO - The-Project.py:2292 - setup_add_page completed successfully
2025-04-17 03:28:14,625 - INFO - The-Project.py:2292 - setup_view_page completed successfully
2025-04-17 03:28:14,645 - ERROR - The-Project.py:1307 - Error evaluating Installment_Values: unmatched ']' (<string>, line 1)
2025-04-17 03:28:14,645 - INFO - The-Project.py:2292 - setup_manage_installments_page completed successfully
2025-04-17 03:28:14,715 - INFO - The-Project.py:2292 - setup_backup_restore_page completed successfully
2025-04-17 03:28:14,739 - INFO - The-Project.py:2292 - setup_send_notification_page completed successfully
2025-04-17 03:28:14,741 - INFO - The-Project.py:2071 - Notification thread started
2025-04-17 03:28:14,741 - INFO - The-Project.py:882 - Application starting...
2025-04-17 03:28:14,742 - INFO - The-Project.py:1939 - Starting automatic installment check
2025-04-17 03:28:14,742 - INFO - The-Project.py:1957 - Checking notifications for 1 customers
2025-04-17 03:28:14,743 - INFO - The-Project.py:2059 - Notification check completed. Success: 0, Failed: 0, Skipped: 0
2025-04-17 03:28:51,925 - INFO - The-Project.py:842 - Starting application initialization...
2025-04-17 03:28:52,006 - INFO - The-Project.py:855 - Appearance mode set successfully
2025-04-17 03:28:52,007 - INFO - The-Project.py:867 - Window centered successfully
2025-04-17 03:28:52,007 - INFO - The-Project.py:135 - Theme setup completed successfully
2025-04-17 03:28:52,008 - INFO - The-Project.py:2249 - Theme setup completed
2025-04-17 03:28:52,025 - INFO - The-Project.py:2272 - Created frame: home
2025-04-17 03:28:52,027 - INFO - The-Project.py:2272 - Created frame: add
2025-04-17 03:28:52,029 - INFO - The-Project.py:2272 - Created frame: delete
2025-04-17 03:28:52,031 - INFO - The-Project.py:2272 - Created frame: edit
2025-04-17 03:28:52,033 - INFO - The-Project.py:2272 - Created frame: view
2025-04-17 03:28:52,034 - INFO - The-Project.py:2272 - Created frame: manage
2025-04-17 03:28:52,037 - INFO - The-Project.py:2272 - Created frame: backup_restore
2025-04-17 03:28:52,039 - INFO - The-Project.py:2272 - Created frame: send_notification
2025-04-17 03:28:52,416 - INFO - The-Project.py:2292 - setup_home_page completed successfully
2025-04-17 03:28:52,538 - INFO - The-Project.py:2292 - setup_add_page completed successfully
2025-04-17 03:28:52,547 - INFO - The-Project.py:2292 - setup_view_page completed successfully
2025-04-17 03:28:52,559 - ERROR - The-Project.py:1307 - Error evaluating Installment_Values: unmatched ']' (<string>, line 1)
2025-04-17 03:28:52,559 - INFO - The-Project.py:2292 - setup_manage_installments_page completed successfully
2025-04-17 03:28:52,604 - INFO - The-Project.py:2292 - setup_backup_restore_page completed successfully
2025-04-17 03:28:52,619 - INFO - The-Project.py:2292 - setup_send_notification_page completed successfully
2025-04-17 03:28:52,620 - INFO - The-Project.py:1939 - Starting automatic installment check
2025-04-17 03:28:52,620 - INFO - The-Project.py:2071 - Notification thread started
2025-04-17 03:28:52,620 - INFO - The-Project.py:1957 - Checking notifications for 1 customers
2025-04-17 03:28:52,620 - INFO - The-Project.py:882 - Application starting...
2025-04-17 03:28:52,621 - INFO - The-Project.py:2059 - Notification check completed. Success: 0, Failed: 0, Skipped: 0
2025-04-17 03:31:31,130 - INFO - The-Project.py:842 - Starting application initialization...
2025-04-17 03:31:31,221 - INFO - The-Project.py:855 - Appearance mode set successfully
2025-04-17 03:31:31,221 - INFO - The-Project.py:867 - Window centered successfully
2025-04-17 03:31:31,223 - INFO - The-Project.py:135 - Theme setup completed successfully
2025-04-17 03:31:31,223 - INFO - The-Project.py:2266 - Theme setup completed
2025-04-17 03:31:31,246 - INFO - The-Project.py:2292 - Created frame: home
2025-04-17 03:31:31,252 - INFO - The-Project.py:2292 - Created frame: add
2025-04-17 03:31:31,254 - INFO - The-Project.py:2292 - Created frame: view
2025-04-17 03:31:31,256 - INFO - The-Project.py:2292 - Created frame: manage
2025-04-17 03:31:31,258 - INFO - The-Project.py:2292 - Created frame: backup_restore
2025-04-17 03:31:31,262 - INFO - The-Project.py:2292 - Created frame: send_notification
2025-04-17 03:31:31,642 - INFO - The-Project.py:2187 - Home page setup completed successfully
2025-04-17 03:31:31,643 - INFO - The-Project.py:2312 - setup_home_page completed successfully
2025-04-17 03:31:31,828 - INFO - The-Project.py:2312 - setup_add_page completed successfully
2025-04-17 03:31:31,849 - INFO - The-Project.py:2312 - setup_view_page completed successfully
2025-04-17 03:31:31,868 - ERROR - The-Project.py:1322 - Error evaluating Installment_Values: unmatched ']' (<string>, line 1)
2025-04-17 03:31:31,869 - INFO - The-Project.py:2312 - setup_manage_installments_page completed successfully
2025-04-17 03:31:31,926 - INFO - The-Project.py:2312 - setup_backup_restore_page completed successfully
2025-04-17 03:31:31,953 - INFO - The-Project.py:2312 - setup_send_notification_page completed successfully
2025-04-17 03:31:31,954 - INFO - The-Project.py:904 - Showing frame: home
2025-04-17 03:31:31,956 - INFO - The-Project.py:2086 - Notification thread started
2025-04-17 03:31:31,957 - INFO - The-Project.py:1954 - Starting automatic installment check
2025-04-17 03:31:31,957 - INFO - The-Project.py:1972 - Checking notifications for 1 customers
2025-04-17 03:31:31,958 - INFO - The-Project.py:2074 - Notification check completed. Success: 0, Failed: 0, Skipped: 0
2025-04-17 03:31:32,460 - INFO - The-Project.py:842 - Starting application initialization...
2025-04-17 03:31:32,566 - INFO - The-Project.py:855 - Appearance mode set successfully
2025-04-17 03:31:32,566 - INFO - The-Project.py:867 - Window centered successfully
2025-04-17 03:31:32,567 - INFO - The-Project.py:135 - Theme setup completed successfully
2025-04-17 03:31:32,567 - INFO - The-Project.py:2266 - Theme setup completed
2025-04-17 03:31:32,585 - INFO - The-Project.py:2292 - Created frame: home
2025-04-17 03:31:32,588 - INFO - The-Project.py:2292 - Created frame: add
2025-04-17 03:31:32,589 - INFO - The-Project.py:2292 - Created frame: view
2025-04-17 03:31:32,590 - INFO - The-Project.py:2292 - Created frame: manage
2025-04-17 03:31:32,592 - INFO - The-Project.py:2292 - Created frame: backup_restore
2025-04-17 03:31:32,594 - INFO - The-Project.py:2292 - Created frame: send_notification
2025-04-17 03:31:33,020 - INFO - The-Project.py:2187 - Home page setup completed successfully
2025-04-17 03:31:33,020 - INFO - The-Project.py:2312 - setup_home_page completed successfully
2025-04-17 03:31:33,197 - INFO - The-Project.py:2312 - setup_add_page completed successfully
2025-04-17 03:31:33,208 - INFO - The-Project.py:2312 - setup_view_page completed successfully
2025-04-17 03:31:33,224 - ERROR - The-Project.py:1322 - Error evaluating Installment_Values: unmatched ']' (<string>, line 1)
2025-04-17 03:31:33,224 - INFO - The-Project.py:2312 - setup_manage_installments_page completed successfully
2025-04-17 03:31:33,279 - INFO - The-Project.py:2312 - setup_backup_restore_page completed successfully
2025-04-17 03:31:33,298 - INFO - The-Project.py:2312 - setup_send_notification_page completed successfully
2025-04-17 03:31:33,298 - INFO - The-Project.py:904 - Showing frame: home
2025-04-17 03:31:33,298 - INFO - The-Project.py:1954 - Starting automatic installment check
2025-04-17 03:31:33,298 - INFO - The-Project.py:2086 - Notification thread started
2025-04-17 03:31:33,299 - INFO - The-Project.py:1972 - Checking notifications for 1 customers
2025-04-17 03:31:33,299 - INFO - The-Project.py:2074 - Notification check completed. Success: 0, Failed: 0, Skipped: 0
2025-04-17 03:31:37,136 - INFO - The-Project.py:842 - Starting application initialization...
2025-04-17 03:31:37,238 - INFO - The-Project.py:855 - Appearance mode set successfully
2025-04-17 03:31:37,239 - INFO - The-Project.py:867 - Window centered successfully
2025-04-17 03:31:37,240 - INFO - The-Project.py:135 - Theme setup completed successfully
2025-04-17 03:31:37,240 - INFO - The-Project.py:2266 - Theme setup completed
2025-04-17 03:31:37,262 - INFO - The-Project.py:2292 - Created frame: home
2025-04-17 03:31:37,265 - INFO - The-Project.py:2292 - Created frame: add
2025-04-17 03:31:37,267 - INFO - The-Project.py:2292 - Created frame: view
2025-04-17 03:31:37,269 - INFO - The-Project.py:2292 - Created frame: manage
2025-04-17 03:31:37,272 - INFO - The-Project.py:2292 - Created frame: backup_restore
2025-04-17 03:31:37,273 - INFO - The-Project.py:2292 - Created frame: send_notification
2025-04-17 03:31:37,652 - INFO - The-Project.py:2187 - Home page setup completed successfully
2025-04-17 03:31:37,652 - INFO - The-Project.py:2312 - setup_home_page completed successfully
2025-04-17 03:31:37,813 - INFO - The-Project.py:2312 - setup_add_page completed successfully
2025-04-17 03:31:37,831 - INFO - The-Project.py:2312 - setup_view_page completed successfully
2025-04-17 03:31:37,850 - ERROR - The-Project.py:1322 - Error evaluating Installment_Values: unmatched ']' (<string>, line 1)
2025-04-17 03:31:37,851 - INFO - The-Project.py:2312 - setup_manage_installments_page completed successfully
2025-04-17 03:31:37,902 - INFO - The-Project.py:2312 - setup_backup_restore_page completed successfully
2025-04-17 03:31:37,932 - INFO - The-Project.py:2312 - setup_send_notification_page completed successfully
2025-04-17 03:31:37,932 - INFO - The-Project.py:904 - Showing frame: home
2025-04-17 03:31:37,932 - INFO - The-Project.py:1954 - Starting automatic installment check
2025-04-17 03:31:37,932 - INFO - The-Project.py:2086 - Notification thread started
2025-04-17 03:31:37,933 - INFO - The-Project.py:1972 - Checking notifications for 1 customers
2025-04-17 03:31:37,933 - INFO - The-Project.py:2074 - Notification check completed. Success: 0, Failed: 0, Skipped: 0
2025-04-17 03:31:42,635 - INFO - The-Project.py:842 - Starting application initialization...
2025-04-17 03:31:42,721 - INFO - The-Project.py:855 - Appearance mode set successfully
2025-04-17 03:31:42,721 - INFO - The-Project.py:867 - Window centered successfully
2025-04-17 03:31:42,723 - INFO - The-Project.py:135 - Theme setup completed successfully
2025-04-17 03:31:42,723 - INFO - The-Project.py:2266 - Theme setup completed
2025-04-17 03:31:42,743 - INFO - The-Project.py:2292 - Created frame: home
2025-04-17 03:31:42,746 - INFO - The-Project.py:2292 - Created frame: add
2025-04-17 03:31:42,748 - INFO - The-Project.py:2292 - Created frame: view
2025-04-17 03:31:42,750 - INFO - The-Project.py:2292 - Created frame: manage
2025-04-17 03:31:42,756 - INFO - The-Project.py:2292 - Created frame: backup_restore
2025-04-17 03:31:42,759 - INFO - The-Project.py:2292 - Created frame: send_notification
2025-04-17 03:31:43,133 - INFO - The-Project.py:2187 - Home page setup completed successfully
2025-04-17 03:31:43,133 - INFO - The-Project.py:2312 - setup_home_page completed successfully
2025-04-17 03:31:43,292 - INFO - The-Project.py:2312 - setup_add_page completed successfully
2025-04-17 03:31:43,310 - INFO - The-Project.py:2312 - setup_view_page completed successfully
2025-04-17 03:31:43,327 - ERROR - The-Project.py:1322 - Error evaluating Installment_Values: unmatched ']' (<string>, line 1)
2025-04-17 03:31:43,327 - INFO - The-Project.py:2312 - setup_manage_installments_page completed successfully
2025-04-17 03:31:43,383 - INFO - The-Project.py:2312 - setup_backup_restore_page completed successfully
2025-04-17 03:31:43,406 - INFO - The-Project.py:2312 - setup_send_notification_page completed successfully
2025-04-17 03:31:43,406 - INFO - The-Project.py:904 - Showing frame: home
2025-04-17 03:31:43,409 - INFO - The-Project.py:2086 - Notification thread started
2025-04-17 03:31:43,410 - INFO - The-Project.py:1954 - Starting automatic installment check
2025-04-17 03:31:43,410 - INFO - The-Project.py:1972 - Checking notifications for 1 customers
2025-04-17 03:31:43,410 - INFO - The-Project.py:2074 - Notification check completed. Success: 0, Failed: 0, Skipped: 0
2025-04-17 03:31:50,258 - INFO - The-Project.py:842 - Starting application initialization...
2025-04-17 03:31:50,363 - INFO - The-Project.py:855 - Appearance mode set successfully
2025-04-17 03:31:50,364 - INFO - The-Project.py:867 - Window centered successfully
2025-04-17 03:31:50,365 - INFO - The-Project.py:135 - Theme setup completed successfully
2025-04-17 03:31:50,365 - INFO - The-Project.py:2266 - Theme setup completed
2025-04-17 03:31:50,386 - INFO - The-Project.py:2292 - Created frame: home
2025-04-17 03:31:50,388 - INFO - The-Project.py:2292 - Created frame: add
2025-04-17 03:31:50,390 - INFO - The-Project.py:2292 - Created frame: view
2025-04-17 03:31:50,393 - INFO - The-Project.py:2292 - Created frame: manage
2025-04-17 03:31:50,395 - INFO - The-Project.py:2292 - Created frame: backup_restore
2025-04-17 03:31:50,397 - INFO - The-Project.py:2292 - Created frame: send_notification
2025-04-17 03:31:50,796 - INFO - The-Project.py:2187 - Home page setup completed successfully
2025-04-17 03:31:50,797 - INFO - The-Project.py:2312 - setup_home_page completed successfully
2025-04-17 03:31:50,946 - INFO - The-Project.py:2312 - setup_add_page completed successfully
2025-04-17 03:31:50,959 - INFO - The-Project.py:2312 - setup_view_page completed successfully
2025-04-17 03:31:50,976 - ERROR - The-Project.py:1322 - Error evaluating Installment_Values: unmatched ']' (<string>, line 1)
2025-04-17 03:31:50,977 - INFO - The-Project.py:2312 - setup_manage_installments_page completed successfully
2025-04-17 03:31:51,030 - INFO - The-Project.py:2312 - setup_backup_restore_page completed successfully
2025-04-17 03:31:51,052 - INFO - The-Project.py:2312 - setup_send_notification_page completed successfully
2025-04-17 03:31:51,053 - INFO - The-Project.py:904 - Showing frame: home
2025-04-17 03:31:51,055 - INFO - The-Project.py:2086 - Notification thread started
2025-04-17 03:31:51,056 - INFO - The-Project.py:1954 - Starting automatic installment check
2025-04-17 03:31:51,056 - INFO - The-Project.py:1972 - Checking notifications for 1 customers
2025-04-17 03:31:51,056 - INFO - The-Project.py:2074 - Notification check completed. Success: 0, Failed: 0, Skipped: 0
2025-04-17 03:34:16,473 - INFO - The-Project.py:2267 - Starting application initialization...
2025-04-17 03:34:16,473 - INFO - The-Project.py:846 - Starting application initialization...
2025-04-17 03:34:16,571 - INFO - The-Project.py:860 - Appearance mode set successfully
2025-04-17 03:34:16,572 - INFO - The-Project.py:871 - Window centered successfully
2025-04-17 03:34:16,572 - INFO - The-Project.py:879 - Application window initialized successfully
2025-04-17 03:34:16,572 - INFO - The-Project.py:2274 - Application window created
2025-04-17 03:34:16,573 - INFO - The-Project.py:139 - Theme setup completed successfully
2025-04-17 03:34:16,574 - INFO - The-Project.py:2279 - Theme setup completed
2025-04-17 03:34:16,590 - INFO - The-Project.py:2287 - Main container created
2025-04-17 03:34:16,593 - INFO - The-Project.py:2303 - Created frame: home
2025-04-17 03:34:16,595 - INFO - The-Project.py:2303 - Created frame: add
2025-04-17 03:34:16,597 - INFO - The-Project.py:2303 - Created frame: view
2025-04-17 03:34:16,600 - INFO - The-Project.py:2303 - Created frame: manage
2025-04-17 03:34:16,603 - INFO - The-Project.py:2303 - Created frame: backup_restore
2025-04-17 03:34:16,605 - INFO - The-Project.py:2303 - Created frame: send_notification
2025-04-17 03:34:16,605 - INFO - The-Project.py:2308 - Created frames: ['home', 'add', 'view', 'manage', 'backup_restore', 'send_notification']
2025-04-17 03:34:16,984 - INFO - The-Project.py:2196 - Home page setup completed successfully
2025-04-17 03:34:16,984 - INFO - The-Project.py:2325 - setup_home_page completed successfully
2025-04-17 03:34:17,108 - INFO - The-Project.py:2325 - setup_add_page completed successfully
2025-04-17 03:34:17,122 - INFO - The-Project.py:2325 - setup_view_page completed successfully
2025-04-17 03:34:17,136 - ERROR - The-Project.py:1331 - Error evaluating Installment_Values: unmatched ']' (<string>, line 1)
2025-04-17 03:34:17,137 - INFO - The-Project.py:2325 - setup_manage_installments_page completed successfully
2025-04-17 03:34:17,193 - INFO - The-Project.py:2325 - setup_backup_restore_page completed successfully
2025-04-17 03:34:17,215 - INFO - The-Project.py:2325 - setup_send_notification_page completed successfully
2025-04-17 03:34:17,215 - INFO - The-Project.py:2331 - Showing home frame
2025-04-17 03:34:17,216 - INFO - The-Project.py:913 - Showing frame: home
2025-04-17 03:34:17,218 - INFO - The-Project.py:2095 - Notification thread started
2025-04-17 03:34:17,218 - INFO - The-Project.py:2336 - Starting main loop
2025-04-17 03:34:17,218 - INFO - The-Project.py:1963 - Starting automatic installment check
2025-04-17 03:34:17,219 - INFO - The-Project.py:1981 - Checking notifications for 1 customers
2025-04-17 03:34:17,219 - INFO - The-Project.py:2083 - Notification check completed. Success: 0, Failed: 0, Skipped: 0
2025-04-17 03:37:25,301 - INFO - The-Project.py:2325 - Starting application initialization...
2025-04-17 03:37:25,419 - INFO - The-Project.py:2307 - Created frame: home
2025-04-17 03:37:25,421 - INFO - The-Project.py:2307 - Created frame: add
2025-04-17 03:37:25,424 - INFO - The-Project.py:2307 - Created frame: view
2025-04-17 03:37:25,426 - INFO - The-Project.py:2307 - Created frame: manage
2025-04-17 03:37:25,428 - INFO - The-Project.py:2307 - Created frame: backup_restore
2025-04-17 03:37:25,431 - INFO - The-Project.py:2307 - Created frame: send_notification
2025-04-17 03:37:25,822 - INFO - The-Project.py:2183 - Home page setup completed successfully
2025-04-17 03:37:25,974 - ERROR - The-Project.py:1318 - Error evaluating Installment_Values: unmatched ']' (<string>, line 1)
2025-04-17 03:37:26,047 - INFO - The-Project.py:900 - Showing frame: home
2025-04-17 03:37:26,049 - INFO - The-Project.py:2082 - Notification thread started
2025-04-17 03:37:26,050 - INFO - The-Project.py:1950 - Starting automatic installment check
2025-04-17 03:37:26,050 - INFO - The-Project.py:1968 - Checking notifications for 1 customers
2025-04-17 03:37:26,051 - INFO - The-Project.py:2070 - Notification check completed. Success: 0, Failed: 0, Skipped: 0
2025-04-17 03:37:28,386 - INFO - The-Project.py:900 - Showing frame: add
2025-04-17 03:37:30,480 - INFO - The-Project.py:900 - Showing frame: home
2025-04-17 03:37:31,086 - ERROR - The-Project.py:905 - Error in show_frame: cannot use geometry manager grid inside . which already has slaves managed by pack
2025-04-17 03:37:40,360 - INFO - The-Project.py:2325 - Starting application initialization...
2025-04-17 03:37:40,516 - INFO - The-Project.py:2307 - Created frame: home
2025-04-17 03:37:40,521 - INFO - The-Project.py:2307 - Created frame: add
2025-04-17 03:37:40,523 - INFO - The-Project.py:2307 - Created frame: view
2025-04-17 03:37:40,526 - INFO - The-Project.py:2307 - Created frame: manage
2025-04-17 03:37:40,529 - INFO - The-Project.py:2307 - Created frame: backup_restore
2025-04-17 03:37:40,532 - INFO - The-Project.py:2307 - Created frame: send_notification
2025-04-17 03:37:40,965 - INFO - The-Project.py:2183 - Home page setup completed successfully
2025-04-17 03:37:41,245 - ERROR - The-Project.py:1318 - Error evaluating Installment_Values: unmatched ']' (<string>, line 1)
2025-04-17 03:37:41,328 - INFO - The-Project.py:900 - Showing frame: home
2025-04-17 03:37:41,330 - INFO - The-Project.py:2082 - Notification thread started
2025-04-17 03:37:41,331 - INFO - The-Project.py:1950 - Starting automatic installment check
2025-04-17 03:37:41,332 - INFO - The-Project.py:1968 - Checking notifications for 1 customers
2025-04-17 03:37:41,332 - INFO - The-Project.py:2070 - Notification check completed. Success: 0, Failed: 0, Skipped: 0
2025-04-17 03:37:42,185 - ERROR - The-Project.py:905 - Error in show_frame: cannot use geometry manager grid inside . which already has slaves managed by pack
2025-04-17 03:40:03,381 - INFO - The-Project.py:1691 - Starting application initialization...
2025-04-17 03:40:03,510 - INFO - The-Project.py:1673 - Created frame: home
2025-04-17 03:40:03,514 - INFO - The-Project.py:1673 - Created frame: add
2025-04-17 03:40:03,515 - INFO - The-Project.py:1673 - Created frame: view
2025-04-17 03:40:03,519 - INFO - The-Project.py:1673 - Created frame: manage
2025-04-17 03:40:03,523 - INFO - The-Project.py:1673 - Created frame: backup_restore
2025-04-17 03:40:03,529 - INFO - The-Project.py:1673 - Created frame: send_notification
2025-04-17 03:40:03,965 - INFO - The-Project.py:1549 - Home page setup completed successfully
2025-04-17 03:40:04,113 - INFO - The-Project.py:1306 - Search completed successfully with query: 
2025-04-17 03:40:04,115 - INFO - The-Project.py:1234 - View page setup completed successfully
2025-04-17 03:40:04,117 - CRITICAL - The-Project.py:1707 - Application failed to start: name 'setup_manage_installments_page' is not defined
Traceback (most recent call last):
  File "d:\installments trackerrrrrr\Installments-Tracker\The-Project.py", line 1698, in <module>
    app = Application()
          ^^^^^^^^^^^^^
  File "d:\installments trackerrrrrr\Installments-Tracker\The-Project.py", line 1660, in __init__
    self.setup_frames()
  File "d:\installments trackerrrrrr\Installments-Tracker\The-Project.py", line 1682, in setup_frames
    setup_manage_installments_page()
    ^^^^^^^^^^^^^^^^^^^^^^^^^^^^^^
NameError: name 'setup_manage_installments_page' is not defined

2025-04-17 03:44:36,219 - INFO - The-Project.py:2382 - Starting application initialization...
2025-04-17 03:44:36,337 - INFO - The-Project.py:1673 - Created frame: home
2025-04-17 03:44:36,339 - INFO - The-Project.py:1673 - Created frame: add
2025-04-17 03:44:36,341 - INFO - The-Project.py:1673 - Created frame: view
2025-04-17 03:44:36,343 - INFO - The-Project.py:1673 - Created frame: manage
2025-04-17 03:44:36,345 - INFO - The-Project.py:1673 - Created frame: backup_restore
2025-04-17 03:44:36,348 - INFO - The-Project.py:1673 - Created frame: send_notification
2025-04-17 03:44:36,762 - INFO - The-Project.py:1549 - Home page setup completed successfully
2025-04-17 03:44:36,916 - INFO - The-Project.py:1306 - Search completed successfully with query: 
2025-04-17 03:44:36,916 - INFO - The-Project.py:1234 - View page setup completed successfully
2025-04-17 03:44:36,936 - ERROR - The-Project.py:2073 - Error processing customer in load_installments_data: '[' was never closed (<string>, line 1)
2025-04-17 03:44:36,937 - INFO - The-Project.py:1783 - Manage installments page setup completed successfully
2025-04-17 03:44:36,967 - INFO - The-Project.py:1868 - Backup/restore page setup completed successfully
2025-04-17 03:44:36,994 - ERROR - The-Project.py:2275 - Error processing customer in load_notification_data: '[' was never closed (<string>, line 1)
2025-04-17 03:44:36,994 - INFO - The-Project.py:1972 - Send notification page setup completed successfully
2025-04-17 03:44:36,994 - INFO - The-Project.py:900 - Showing frame: home
2025-04-17 03:44:36,997 - INFO - The-Project.py:1448 - Notification thread started
2025-04-17 03:44:36,998 - INFO - The-Project.py:1316 - Starting automatic installment check
2025-04-17 03:44:36,998 - INFO - The-Project.py:1334 - Checking notifications for 1 customers
2025-04-17 03:44:36,999 - INFO - The-Project.py:1436 - Notification check completed. Success: 0, Failed: 0, Skipped: 0
2025-04-17 03:44:38,036 - INFO - The-Project.py:900 - Showing frame: view
2025-04-17 03:44:42,102 - INFO - The-Project.py:900 - Showing frame: home
2025-04-17 03:44:42,855 - INFO - The-Project.py:900 - Showing frame: manage
2025-04-17 03:44:44,660 - INFO - The-Project.py:900 - Showing frame: home
2025-04-17 03:44:45,157 - INFO - The-Project.py:900 - Showing frame: backup_restore
2025-04-17 03:44:47,727 - INFO - The-Project.py:900 - Showing frame: home
2025-04-17 03:45:48,741 - INFO - The-Project.py:356 - Starting application initialization...
2025-04-17 03:45:48,845 - INFO - The-Project.py:369 - Appearance mode set successfully
2025-04-17 03:45:48,846 - INFO - The-Project.py:381 - Window centered successfully
2025-04-17 03:45:48,847 - INFO - The-Project.py:135 - Theme setup completed successfully
2025-04-17 03:45:48,847 - INFO - The-Project.py:2924 - Theme setup completed
2025-04-17 03:45:48,866 - INFO - The-Project.py:2947 - Created frame: home
2025-04-17 03:45:48,870 - INFO - The-Project.py:2947 - Created frame: add
2025-04-17 03:45:48,871 - INFO - The-Project.py:2947 - Created frame: delete
2025-04-17 03:45:48,874 - INFO - The-Project.py:2947 - Created frame: edit
2025-04-17 03:45:48,877 - INFO - The-Project.py:2947 - Created frame: view
2025-04-17 03:45:48,880 - INFO - The-Project.py:2947 - Created frame: manage_installments
2025-04-17 03:45:48,884 - INFO - The-Project.py:2947 - Created frame: backup_restore
2025-04-17 03:45:48,888 - INFO - The-Project.py:2947 - Created frame: send_notification
2025-04-17 03:45:49,298 - INFO - The-Project.py:2967 - setup_home_page completed successfully
2025-04-17 03:45:49,444 - INFO - The-Project.py:2967 - setup_add_page completed successfully
2025-04-17 03:45:49,481 - ERROR - The-Project.py:173 - Error creating button: 'success'
2025-04-17 03:45:49,481 - ERROR - The-Project.py:2969 - Error in setup_view_page: 'success'
2025-04-17 03:45:49,484 - CRITICAL - The-Project.py:2979 - Application failed to start: 'success'
Traceback (most recent call last):
  File "d:\installments trackerrrrrr\Installments-Tracker\The-Project.py", line 2966, in <module>
    func()
  File "d:\installments trackerrrrrr\Installments-Tracker\The-Project.py", line 1762, in setup_view_page
    StyleManager.create_button(
  File "d:\installments trackerrrrrr\Installments-Tracker\The-Project.py", line 169, in create_button
    button_style = cls.BUTTON_STYLES[style].copy()
                   ~~~~~~~~~~~~~~~~~^^^^^^^
KeyError: 'success'

2025-04-17 03:46:52,860 - INFO - The-Project.py:356 - Starting application initialization...
2025-04-17 03:46:52,973 - INFO - The-Project.py:369 - Appearance mode set successfully
2025-04-17 03:46:52,973 - INFO - The-Project.py:381 - Window centered successfully
2025-04-17 03:46:52,975 - INFO - The-Project.py:135 - Theme setup completed successfully
2025-04-17 03:46:52,976 - INFO - The-Project.py:3330 - Theme setup completed
2025-04-17 03:46:52,998 - INFO - The-Project.py:3353 - Created frame: home
2025-04-17 03:46:53,000 - INFO - The-Project.py:3353 - Created frame: add
2025-04-17 03:46:53,003 - INFO - The-Project.py:3353 - Created frame: delete
2025-04-17 03:46:53,006 - INFO - The-Project.py:3353 - Created frame: edit
2025-04-17 03:46:53,009 - INFO - The-Project.py:3353 - Created frame: view
2025-04-17 03:46:53,011 - INFO - The-Project.py:3353 - Created frame: manage_installments
2025-04-17 03:46:53,014 - INFO - The-Project.py:3353 - Created frame: backup_restore
2025-04-17 03:46:53,016 - INFO - The-Project.py:3353 - Created frame: send_notification
2025-04-17 03:46:53,443 - INFO - The-Project.py:3373 - setup_home_page completed successfully
2025-04-17 03:46:53,576 - INFO - The-Project.py:3373 - setup_add_page completed successfully
2025-04-17 03:46:53,626 - INFO - The-Project.py:3373 - setup_view_page completed successfully
2025-04-17 03:46:53,637 - ERROR - The-Project.py:2214 - Error loading installments data: '[' was never closed (<string>, line 1)
2025-04-17 03:46:55,476 - INFO - The-Project.py:3373 - setup_manage_installments_page completed successfully
2025-04-17 03:46:55,534 - INFO - The-Project.py:3373 - setup_backup_restore_page completed successfully
2025-04-17 03:46:55,558 - INFO - The-Project.py:3373 - setup_send_notification_page completed successfully
2025-04-17 03:46:55,560 - INFO - The-Project.py:3208 - Notification thread started
2025-04-17 03:46:55,561 - INFO - The-Project.py:396 - Application starting...
2025-04-17 03:46:55,561 - INFO - The-Project.py:3076 - Starting automatic installment check
2025-04-17 03:46:55,562 - INFO - The-Project.py:3094 - Checking notifications for 1 customers
2025-04-17 03:46:55,562 - INFO - The-Project.py:3196 - Notification check completed. Success: 0, Failed: 0, Skipped: 0
2025-04-17 03:47:07,093 - INFO - The-Project.py:705 - Backup created: backups\backup_20250417_034707.csv
2025-04-17 03:47:07,094 - ERROR - The-Project.py:558 - Error saving data: dict contains fields not in fieldnames: None
2025-04-17 03:47:12,317 - INFO - The-Project.py:705 - Backup created: backups\backup_20250417_034712.csv
2025-04-17 03:47:12,318 - ERROR - The-Project.py:558 - Error saving data: dict contains fields not in fieldnames: None
2025-04-17 03:47:18,567 - INFO - The-Project.py:705 - Backup created: backups\backup_20250417_034718.csv
2025-04-17 03:47:18,568 - ERROR - The-Project.py:558 - Error saving data: dict contains fields not in fieldnames: None
2025-04-17 03:47:23,407 - INFO - The-Project.py:705 - Backup created: backups\backup_20250417_034723.csv
2025-04-17 03:47:23,407 - ERROR - The-Project.py:558 - Error saving data: dict contains fields not in fieldnames: None
2025-04-17 03:47:27,747 - INFO - The-Project.py:705 - Backup created: backups\backup_20250417_034727.csv
2025-04-17 03:47:27,747 - ERROR - The-Project.py:558 - Error saving data: dict contains fields not in fieldnames: None
2025-04-17 03:47:40,343 - INFO - The-Project.py:705 - Backup created: backups\backup_20250417_034740.csv
2025-04-17 03:47:40,344 - ERROR - The-Project.py:558 - Error saving data: dict contains fields not in fieldnames: None
2025-04-17 03:48:27,186 - ERROR - The-Project.py:666 - Customer not found: hgdjshfijh
2025-04-17 03:52:36,097 - INFO - The-Project.py:356 - Starting application initialization...
2025-04-17 03:52:36,202 - INFO - The-Project.py:369 - Appearance mode set successfully
2025-04-17 03:52:36,203 - INFO - The-Project.py:381 - Window centered successfully
2025-04-17 03:52:36,204 - INFO - The-Project.py:135 - Theme setup completed successfully
2025-04-17 03:52:36,204 - INFO - The-Project.py:3328 - Theme setup completed
2025-04-17 03:52:36,223 - INFO - The-Project.py:3351 - Created frame: home
2025-04-17 03:52:36,225 - INFO - The-Project.py:3351 - Created frame: add
2025-04-17 03:52:36,227 - INFO - The-Project.py:3351 - Created frame: delete
2025-04-17 03:52:36,229 - INFO - The-Project.py:3351 - Created frame: edit
2025-04-17 03:52:36,232 - INFO - The-Project.py:3351 - Created frame: view
2025-04-17 03:52:36,234 - INFO - The-Project.py:3351 - Created frame: manage_installments
2025-04-17 03:52:36,238 - INFO - The-Project.py:3351 - Created frame: backup_restore
2025-04-17 03:52:36,240 - INFO - The-Project.py:3351 - Created frame: send_notification
2025-04-17 03:52:36,646 - INFO - The-Project.py:3371 - setup_home_page completed successfully
2025-04-17 03:52:36,773 - INFO - The-Project.py:3371 - setup_add_page completed successfully
2025-04-17 03:52:36,825 - INFO - The-Project.py:3371 - setup_view_page completed successfully
2025-04-17 03:52:36,825 - ERROR - The-Project.py:2186 - Error setting up manage installments page: 'manage'
2025-04-17 03:52:39,003 - INFO - The-Project.py:3371 - setup_manage_installments_page completed successfully
2025-04-17 03:52:39,064 - INFO - The-Project.py:3371 - setup_backup_restore_page completed successfully
2025-04-17 03:52:39,088 - INFO - The-Project.py:3371 - setup_send_notification_page completed successfully
2025-04-17 03:52:39,090 - INFO - The-Project.py:2915 - Notification thread started
2025-04-17 03:52:39,091 - INFO - The-Project.py:396 - Application starting...
2025-04-17 03:52:39,091 - INFO - The-Project.py:2783 - Starting automatic installment check
2025-04-17 03:52:39,092 - INFO - The-Project.py:2788 - No customer data found for notifications
2025-04-17 03:52:57,455 - INFO - The-Project.py:356 - Starting application initialization...
2025-04-17 03:52:57,556 - INFO - The-Project.py:369 - Appearance mode set successfully
2025-04-17 03:52:57,557 - INFO - The-Project.py:381 - Window centered successfully
2025-04-17 03:52:57,558 - INFO - The-Project.py:135 - Theme setup completed successfully
2025-04-17 03:52:57,559 - INFO - The-Project.py:3328 - Theme setup completed
2025-04-17 03:52:57,577 - INFO - The-Project.py:3351 - Created frame: home
2025-04-17 03:52:57,580 - INFO - The-Project.py:3351 - Created frame: add
2025-04-17 03:52:57,582 - INFO - The-Project.py:3351 - Created frame: delete
2025-04-17 03:52:57,584 - INFO - The-Project.py:3351 - Created frame: edit
2025-04-17 03:52:57,587 - INFO - The-Project.py:3351 - Created frame: view
2025-04-17 03:52:57,589 - INFO - The-Project.py:3351 - Created frame: manage_installments
2025-04-17 03:52:57,592 - INFO - The-Project.py:3351 - Created frame: backup_restore
2025-04-17 03:52:57,594 - INFO - The-Project.py:3351 - Created frame: send_notification
2025-04-17 03:52:57,998 - INFO - The-Project.py:3371 - setup_home_page completed successfully
2025-04-17 03:52:58,121 - INFO - The-Project.py:3371 - setup_add_page completed successfully
2025-04-17 03:52:58,172 - INFO - The-Project.py:3371 - setup_view_page completed successfully
2025-04-17 03:52:58,173 - ERROR - The-Project.py:2186 - Error setting up manage installments page: 'manage'
2025-04-17 03:53:01,112 - INFO - The-Project.py:3371 - setup_manage_installments_page completed successfully
2025-04-17 03:53:01,170 - INFO - The-Project.py:3371 - setup_backup_restore_page completed successfully
2025-04-17 03:53:01,193 - INFO - The-Project.py:3371 - setup_send_notification_page completed successfully
2025-04-17 03:53:01,195 - INFO - The-Project.py:2915 - Notification thread started
2025-04-17 03:53:01,195 - INFO - The-Project.py:396 - Application starting...
2025-04-17 03:53:01,196 - INFO - The-Project.py:2783 - Starting automatic installment check
2025-04-17 03:53:01,197 - INFO - The-Project.py:2788 - No customer data found for notifications
2025-04-17 03:53:07,831 - INFO - The-Project.py:356 - Starting application initialization...
2025-04-17 03:53:07,929 - INFO - The-Project.py:369 - Appearance mode set successfully
2025-04-17 03:53:07,930 - INFO - The-Project.py:381 - Window centered successfully
2025-04-17 03:53:07,931 - INFO - The-Project.py:135 - Theme setup completed successfully
2025-04-17 03:53:07,931 - INFO - The-Project.py:3328 - Theme setup completed
2025-04-17 03:53:07,950 - INFO - The-Project.py:3351 - Created frame: home
2025-04-17 03:53:07,953 - INFO - The-Project.py:3351 - Created frame: add
2025-04-17 03:53:07,956 - INFO - The-Project.py:3351 - Created frame: delete
2025-04-17 03:53:07,959 - INFO - The-Project.py:3351 - Created frame: edit
2025-04-17 03:53:07,961 - INFO - The-Project.py:3351 - Created frame: view
2025-04-17 03:53:07,964 - INFO - The-Project.py:3351 - Created frame: manage_installments
2025-04-17 03:53:07,966 - INFO - The-Project.py:3351 - Created frame: backup_restore
2025-04-17 03:53:07,970 - INFO - The-Project.py:3351 - Created frame: send_notification
2025-04-17 03:53:08,401 - INFO - The-Project.py:3371 - setup_home_page completed successfully
2025-04-17 03:53:08,531 - INFO - The-Project.py:3371 - setup_add_page completed successfully
2025-04-17 03:53:08,585 - INFO - The-Project.py:3371 - setup_view_page completed successfully
2025-04-17 03:53:08,586 - ERROR - The-Project.py:2186 - Error setting up manage installments page: 'manage'
2025-04-17 03:53:26,064 - INFO - The-Project.py:356 - Starting application initialization...
2025-04-17 03:53:26,181 - INFO - The-Project.py:369 - Appearance mode set successfully
2025-04-17 03:53:26,181 - INFO - The-Project.py:381 - Window centered successfully
2025-04-17 03:53:26,183 - INFO - The-Project.py:135 - Theme setup completed successfully
2025-04-17 03:53:26,183 - INFO - The-Project.py:3328 - Theme setup completed
2025-04-17 03:53:26,204 - INFO - The-Project.py:3351 - Created frame: home
2025-04-17 03:53:26,207 - INFO - The-Project.py:3351 - Created frame: add
2025-04-17 03:53:26,210 - INFO - The-Project.py:3351 - Created frame: delete
2025-04-17 03:53:26,213 - INFO - The-Project.py:3351 - Created frame: edit
2025-04-17 03:53:26,217 - INFO - The-Project.py:3351 - Created frame: view
2025-04-17 03:53:26,220 - INFO - The-Project.py:3351 - Created frame: manage_installments
2025-04-17 03:53:26,224 - INFO - The-Project.py:3351 - Created frame: backup_restore
2025-04-17 03:53:26,228 - INFO - The-Project.py:3351 - Created frame: send_notification
2025-04-17 03:53:26,668 - INFO - The-Project.py:3371 - setup_home_page completed successfully
2025-04-17 03:53:26,794 - INFO - The-Project.py:3371 - setup_add_page completed successfully
2025-04-17 03:53:26,849 - INFO - The-Project.py:3371 - setup_view_page completed successfully
2025-04-17 03:53:26,849 - ERROR - The-Project.py:2186 - Error setting up manage installments page: 'manage'
2025-04-17 03:55:05,527 - INFO - The-Project.py:356 - Starting application initialization...
2025-04-17 03:55:05,629 - INFO - The-Project.py:369 - Appearance mode set successfully
2025-04-17 03:55:05,630 - INFO - The-Project.py:381 - Window centered successfully
2025-04-17 03:55:05,631 - INFO - The-Project.py:135 - Theme setup completed successfully
2025-04-17 03:55:05,631 - INFO - The-Project.py:3326 - Theme setup completed
2025-04-17 03:55:05,649 - INFO - The-Project.py:3349 - Created frame: home
2025-04-17 03:55:05,651 - INFO - The-Project.py:3349 - Created frame: add
2025-04-17 03:55:05,654 - INFO - The-Project.py:3349 - Created frame: delete
2025-04-17 03:55:05,657 - INFO - The-Project.py:3349 - Created frame: edit
2025-04-17 03:55:05,659 - INFO - The-Project.py:3349 - Created frame: view
2025-04-17 03:55:05,661 - INFO - The-Project.py:3349 - Created frame: manage_installments
2025-04-17 03:55:05,663 - INFO - The-Project.py:3349 - Created frame: backup_restore
2025-04-17 03:55:05,666 - INFO - The-Project.py:3349 - Created frame: send_notification
2025-04-17 03:55:06,083 - INFO - The-Project.py:3369 - setup_home_page completed successfully
2025-04-17 03:55:06,207 - INFO - The-Project.py:3369 - setup_add_page completed successfully
2025-04-17 03:55:06,258 - INFO - The-Project.py:3369 - setup_view_page completed successfully
2025-04-17 03:55:06,259 - ERROR - The-Project.py:2184 - Error setting up manage installments page: 'manage'
2025-04-17 03:55:07,966 - INFO - The-Project.py:3369 - setup_manage_installments_page completed successfully
2025-04-17 03:55:08,029 - INFO - The-Project.py:3369 - setup_backup_restore_page completed successfully
2025-04-17 03:55:08,053 - INFO - The-Project.py:3369 - setup_send_notification_page completed successfully
2025-04-17 03:55:08,055 - INFO - The-Project.py:2913 - Notification thread started
2025-04-17 03:55:08,055 - INFO - The-Project.py:396 - Application starting...
2025-04-17 03:55:08,056 - INFO - The-Project.py:2781 - Starting automatic installment check
2025-04-17 03:55:08,057 - INFO - The-Project.py:2786 - No customer data found for notifications
2025-04-17 03:55:25,326 - INFO - The-Project.py:715 - Backup created: backups\backup_20250417_035525.csv
2025-04-17 03:55:37,380 - INFO - The-Project.py:715 - Backup created: backups\backup_20250417_035537.csv
2025-04-17 03:55:37,381 - INFO - The-Project.py:678 - Successfully updated customer: hassan
2025-04-17 03:56:41,500 - INFO - The-Project.py:356 - Starting application initialization...
2025-04-17 03:56:41,606 - INFO - The-Project.py:369 - Appearance mode set successfully
2025-04-17 03:56:41,607 - INFO - The-Project.py:381 - Window centered successfully
2025-04-17 03:56:41,609 - INFO - The-Project.py:135 - Theme setup completed successfully
2025-04-17 03:56:41,609 - INFO - The-Project.py:3326 - Theme setup completed
2025-04-17 03:56:41,630 - INFO - The-Project.py:3349 - Created frame: home
2025-04-17 03:56:41,632 - INFO - The-Project.py:3349 - Created frame: add
2025-04-17 03:56:41,636 - INFO - The-Project.py:3349 - Created frame: delete
2025-04-17 03:56:41,639 - INFO - The-Project.py:3349 - Created frame: edit
2025-04-17 03:56:41,643 - INFO - The-Project.py:3349 - Created frame: view
2025-04-17 03:56:41,646 - INFO - The-Project.py:3349 - Created frame: manage_installments
2025-04-17 03:56:41,649 - INFO - The-Project.py:3349 - Created frame: backup_restore
2025-04-17 03:56:41,651 - INFO - The-Project.py:3349 - Created frame: send_notification
2025-04-17 03:56:42,072 - INFO - The-Project.py:3369 - setup_home_page completed successfully
2025-04-17 03:56:42,219 - INFO - The-Project.py:3369 - setup_add_page completed successfully
2025-04-17 03:56:42,290 - INFO - The-Project.py:3369 - setup_view_page completed successfully
2025-04-17 03:56:42,291 - ERROR - The-Project.py:2184 - Error setting up manage installments page: 'manage'
2025-04-17 03:59:12,053 - INFO - The-Project.py:356 - Starting application initialization...
2025-04-17 03:59:12,162 - INFO - The-Project.py:369 - Appearance mode set successfully
2025-04-17 03:59:12,162 - INFO - The-Project.py:381 - Window centered successfully
2025-04-17 03:59:12,163 - INFO - The-Project.py:135 - Theme setup completed successfully
2025-04-17 03:59:12,164 - INFO - The-Project.py:3329 - Theme setup completed
2025-04-17 03:59:12,184 - INFO - The-Project.py:3352 - Created frame: home
2025-04-17 03:59:12,186 - INFO - The-Project.py:3352 - Created frame: add
2025-04-17 03:59:12,189 - INFO - The-Project.py:3352 - Created frame: view
2025-04-17 03:59:12,191 - INFO - The-Project.py:3352 - Created frame: manage
2025-04-17 03:59:12,193 - INFO - The-Project.py:3352 - Created frame: backup_restore
2025-04-17 03:59:12,196 - INFO - The-Project.py:3352 - Created frame: send_notification
2025-04-17 03:59:12,606 - INFO - The-Project.py:3372 - setup_home_page completed successfully
2025-04-17 03:59:12,736 - INFO - The-Project.py:3372 - setup_add_page completed successfully
2025-04-17 03:59:12,786 - INFO - The-Project.py:3372 - setup_view_page completed successfully
2025-04-17 03:59:12,786 - INFO - The-Project.py:2092 - Setting up manage installments page...
2025-04-17 03:59:12,807 - INFO - The-Project.py:2184 - Manage installments page setup completed successfully
2025-04-17 03:59:12,807 - INFO - The-Project.py:3372 - setup_manage_installments_page completed successfully
2025-04-17 03:59:12,859 - INFO - The-Project.py:3372 - setup_backup_restore_page completed successfully
2025-04-17 03:59:12,881 - INFO - The-Project.py:3372 - setup_send_notification_page completed successfully
2025-04-17 03:59:12,884 - INFO - The-Project.py:2916 - Notification thread started
2025-04-17 03:59:12,884 - INFO - The-Project.py:396 - Application starting...
2025-04-17 03:59:12,884 - INFO - The-Project.py:2784 - Starting automatic installment check
2025-04-17 03:59:12,885 - INFO - The-Project.py:2802 - Checking notifications for 1 customers
2025-04-17 03:59:12,885 - INFO - The-Project.py:2904 - Notification check completed. Success: 0, Failed: 0, Skipped: 0
2025-04-17 03:59:24,520 - INFO - The-Project.py:715 - Backup created: backups\backup_20250417_035924.csv
2025-04-17 04:04:11,232 - INFO - The-Project.py:356 - Starting application initialization...
2025-04-17 04:04:11,341 - INFO - The-Project.py:369 - Appearance mode set successfully
2025-04-17 04:04:11,341 - INFO - The-Project.py:381 - Window centered successfully
2025-04-17 04:04:11,342 - INFO - The-Project.py:135 - Theme setup completed successfully
2025-04-17 04:04:11,342 - INFO - The-Project.py:3631 - Theme setup completed
2025-04-17 04:04:11,364 - INFO - The-Project.py:3654 - Created frame: home
2025-04-17 04:04:11,367 - INFO - The-Project.py:3654 - Created frame: add
2025-04-17 04:04:11,369 - INFO - The-Project.py:3654 - Created frame: view
2025-04-17 04:04:11,371 - INFO - The-Project.py:3654 - Created frame: manage
2025-04-17 04:04:11,373 - INFO - The-Project.py:3654 - Created frame: backup_restore
2025-04-17 04:04:11,375 - INFO - The-Project.py:3654 - Created frame: send_notification
2025-04-17 04:04:11,785 - INFO - The-Project.py:3674 - setup_home_page completed successfully
2025-04-17 04:04:11,909 - INFO - The-Project.py:3674 - setup_add_page completed successfully
2025-04-17 04:04:11,958 - INFO - The-Project.py:3674 - setup_view_page completed successfully
2025-04-17 04:04:11,982 - INFO - The-Project.py:3674 - setup_manage_installments_page completed successfully
2025-04-17 04:04:12,037 - INFO - The-Project.py:3674 - setup_backup_restore_page completed successfully
2025-04-17 04:04:12,059 - INFO - The-Project.py:3674 - setup_send_notification_page completed successfully
2025-04-17 04:04:12,061 - INFO - The-Project.py:3218 - Notification thread started
2025-04-17 04:04:12,061 - INFO - The-Project.py:396 - Application starting...
2025-04-17 04:04:12,062 - INFO - The-Project.py:3086 - Starting automatic installment check
2025-04-17 04:04:12,062 - INFO - The-Project.py:3104 - Checking notifications for 1 customers
2025-04-17 04:04:12,063 - INFO - The-Project.py:3206 - Notification check completed. Success: 0, Failed: 0, Skipped: 0
2025-04-17 04:04:43,391 - INFO - The-Project.py:715 - Backup created: backups\backup_20250417_040443.csv
2025-04-17 04:04:43,392 - INFO - The-Project.py:678 - Successfully updated customer: hassan
2025-04-17 04:05:06,506 - INFO - The-Project.py:715 - Backup created: backups\backup_20250417_040506.csv
2025-04-17 04:05:06,513 - INFO - The-Project.py:715 - Backup created: backups\backup_20250417_040506.csv
2025-04-17 15:26:03,165 - INFO - The-Project.py:356 - Starting application initialization...
2025-04-17 15:26:03,272 - INFO - The-Project.py:369 - Appearance mode set successfully
2025-04-17 15:26:03,273 - INFO - The-Project.py:381 - Window centered successfully
2025-04-17 15:26:03,274 - INFO - The-Project.py:135 - Theme setup completed successfully
2025-04-17 15:26:03,274 - INFO - The-Project.py:3631 - Theme setup completed
2025-04-17 15:26:03,301 - INFO - The-Project.py:3654 - Created frame: home
2025-04-17 15:26:03,304 - INFO - The-Project.py:3654 - Created frame: add
2025-04-17 15:26:03,306 - INFO - The-Project.py:3654 - Created frame: view
2025-04-17 15:26:03,309 - INFO - The-Project.py:3654 - Created frame: manage
2025-04-17 15:26:03,312 - INFO - The-Project.py:3654 - Created frame: backup_restore
2025-04-17 15:26:03,315 - INFO - The-Project.py:3654 - Created frame: send_notification
2025-04-17 15:26:03,713 - INFO - The-Project.py:3674 - setup_home_page completed successfully
2025-04-17 15:26:03,841 - INFO - The-Project.py:3674 - setup_add_page completed successfully
2025-04-17 15:26:03,897 - INFO - The-Project.py:3674 - setup_view_page completed successfully
2025-04-17 15:26:03,920 - INFO - The-Project.py:3674 - setup_manage_installments_page completed successfully
2025-04-17 15:26:03,973 - INFO - The-Project.py:3674 - setup_backup_restore_page completed successfully
2025-04-17 15:26:03,994 - INFO - The-Project.py:3674 - setup_send_notification_page completed successfully
2025-04-17 15:26:03,996 - INFO - The-Project.py:3218 - Notification thread started
2025-04-17 15:26:03,996 - INFO - The-Project.py:396 - Application starting...
2025-04-17 15:26:03,997 - INFO - The-Project.py:3086 - Starting automatic installment check
2025-04-17 15:26:03,997 - INFO - The-Project.py:3104 - Checking notifications for 1 customers
2025-04-17 15:26:03,998 - INFO - The-Project.py:3206 - Notification check completed. Success: 0, Failed: 0, Skipped: 0
2025-04-17 15:26:12,570 - INFO - The-Project.py:715 - Backup created: backups\backup_20250417_152612.csv
2025-04-17 15:26:12,571 - INFO - The-Project.py:678 - Successfully updated customer: hassan
2025-04-17 15:27:15,629 - INFO - The-Project.py:715 - Backup created: backups\backup_20250417_152715.csv
2025-04-17 15:27:15,632 - INFO - The-Project.py:715 - Backup created: backups\backup_20250417_152715.csv
2025-04-17 15:27:19,557 - INFO - The-Project.py:715 - Backup created: backups\backup_20250417_152719.csv
2025-04-17 15:30:29,039 - INFO - The-Project.py:356 - Starting application initialization...
2025-04-17 15:30:29,122 - INFO - The-Project.py:369 - Appearance mode set successfully
2025-04-17 15:30:29,123 - INFO - The-Project.py:381 - Window centered successfully
2025-04-17 15:30:29,124 - INFO - The-Project.py:135 - Theme setup completed successfully
2025-04-17 15:30:29,124 - INFO - The-Project.py:3415 - Theme setup completed
2025-04-17 15:30:29,143 - INFO - The-Project.py:3438 - Created frame: home
2025-04-17 15:30:29,146 - INFO - The-Project.py:3438 - Created frame: add
2025-04-17 15:30:29,149 - INFO - The-Project.py:3438 - Created frame: view
2025-04-17 15:30:29,151 - INFO - The-Project.py:3438 - Created frame: manage
2025-04-17 15:30:29,153 - INFO - The-Project.py:3438 - Created frame: backup_restore
2025-04-17 15:30:29,156 - INFO - The-Project.py:3438 - Created frame: send_notification
2025-04-17 15:30:29,525 - INFO - The-Project.py:3458 - setup_home_page completed successfully
2025-04-17 15:30:29,658 - INFO - The-Project.py:3458 - setup_add_page completed successfully
2025-04-17 15:30:29,658 - INFO - The-Project.py:1641 - Setting up view page...
2025-04-17 15:30:29,669 - ERROR - The-Project.py:1870 - Error setting up view page: name 'perform_search' is not defined
2025-04-17 15:36:02,248 - INFO - The-Project.py:356 - Starting application initialization...
2025-04-17 15:36:02,347 - INFO - The-Project.py:369 - Appearance mode set successfully
2025-04-17 15:36:02,348 - INFO - The-Project.py:381 - Window centered successfully
2025-04-17 15:36:02,349 - INFO - The-Project.py:135 - Theme setup completed successfully
2025-04-17 15:36:02,350 - INFO - The-Project.py:3732 - Theme setup completed
2025-04-17 15:36:02,372 - INFO - The-Project.py:3755 - Created frame: home
2025-04-17 15:36:02,374 - INFO - The-Project.py:3755 - Created frame: add
2025-04-17 15:36:02,377 - INFO - The-Project.py:3755 - Created frame: view
2025-04-17 15:36:02,379 - INFO - The-Project.py:3755 - Created frame: manage
2025-04-17 15:36:02,381 - INFO - The-Project.py:3755 - Created frame: backup_restore
2025-04-17 15:36:02,384 - INFO - The-Project.py:3755 - Created frame: send_notification
2025-04-17 15:36:02,836 - INFO - The-Project.py:3775 - setup_home_page completed successfully
2025-04-17 15:36:02,975 - INFO - The-Project.py:3775 - setup_add_page completed successfully
2025-04-17 15:36:02,976 - INFO - The-Project.py:1641 - Setting up view page...
2025-04-17 15:36:03,019 - ERROR - The-Project.py:3169 - Error loading installments data: 'CTkFrame' object has no attribute 'tree'
2025-04-17 15:36:04,434 - INFO - The-Project.py:1867 - View page setup completed successfully
2025-04-17 15:36:04,435 - INFO - The-Project.py:3775 - setup_view_page completed successfully
2025-04-17 15:36:04,463 - INFO - The-Project.py:3775 - setup_manage_installments_page completed successfully
2025-04-17 15:36:04,519 - INFO - The-Project.py:3775 - setup_backup_restore_page completed successfully
2025-04-17 15:36:04,540 - INFO - The-Project.py:3775 - setup_send_notification_page completed successfully
2025-04-17 15:36:04,543 - INFO - The-Project.py:3002 - Notification thread started
2025-04-17 15:36:04,543 - INFO - The-Project.py:396 - Application starting...
2025-04-17 15:36:04,544 - INFO - The-Project.py:2870 - Starting automatic installment check
2025-04-17 15:36:04,544 - INFO - The-Project.py:2888 - Checking notifications for 1 customers
2025-04-17 15:36:04,545 - INFO - The-Project.py:2990 - Notification check completed. Success: 0, Failed: 0, Skipped: 0
2025-04-18 01:17:25,118 - INFO - The-Project.py:356 - Starting application initialization...
2025-04-18 01:17:25,686 - INFO - The-Project.py:369 - Appearance mode set successfully
2025-04-18 01:17:25,686 - INFO - The-Project.py:381 - Window centered successfully
2025-04-18 01:17:25,687 - INFO - The-Project.py:135 - Theme setup completed successfully
2025-04-18 01:17:25,687 - INFO - The-Project.py:3631 - Theme setup completed
2025-04-18 01:17:25,708 - INFO - The-Project.py:3654 - Created frame: home
2025-04-18 01:17:25,710 - INFO - The-Project.py:3654 - Created frame: add
2025-04-18 01:17:25,711 - INFO - The-Project.py:3654 - Created frame: view
2025-04-18 01:17:25,713 - INFO - The-Project.py:3654 - Created frame: manage
2025-04-18 01:17:25,715 - INFO - The-Project.py:3654 - Created frame: backup_restore
2025-04-18 01:17:25,717 - INFO - The-Project.py:3654 - Created frame: send_notification
2025-04-18 01:17:26,213 - INFO - The-Project.py:3674 - setup_home_page completed successfully
2025-04-18 01:17:26,323 - INFO - The-Project.py:3674 - setup_add_page completed successfully
2025-04-18 01:17:26,366 - INFO - The-Project.py:3674 - setup_view_page completed successfully
2025-04-18 01:17:26,388 - INFO - The-Project.py:3674 - setup_manage_installments_page completed successfully
2025-04-18 01:17:26,431 - INFO - The-Project.py:3674 - setup_backup_restore_page completed successfully
2025-04-18 01:17:26,450 - INFO - The-Project.py:3674 - setup_send_notification_page completed successfully
2025-04-18 01:17:26,451 - INFO - The-Project.py:3086 - Starting automatic installment check
2025-04-18 01:17:26,451 - INFO - The-Project.py:3218 - Notification thread started
2025-04-18 01:17:26,451 - INFO - The-Project.py:3104 - Checking notifications for 1 customers
2025-04-18 01:17:26,452 - INFO - The-Project.py:396 - Application starting...
2025-04-18 01:17:26,452 - INFO - The-Project.py:3206 - Notification check completed. Success: 0, Failed: 0, Skipped: 0
2025-04-18 01:17:47,282 - INFO - The-Project.py:715 - Backup created: backups\backup_20250418_011747.csv
2025-04-18 01:17:47,284 - INFO - The-Project.py:715 - Backup created: backups\backup_20250418_011747.csv
2025-04-18 01:18:21,542 - INFO - The-Project.py:715 - Backup created: backups\backup_20250418_011821.csv
2025-04-18 01:18:21,544 - INFO - The-Project.py:715 - Backup created: backups\backup_20250418_011821.csv
2025-04-18 01:25:02,504 - INFO - The-Project.py:356 - Starting application initialization...
2025-04-18 01:25:02,622 - INFO - The-Project.py:369 - Appearance mode set successfully
2025-04-18 01:25:02,623 - INFO - The-Project.py:381 - Window centered successfully
2025-04-18 01:25:02,624 - INFO - The-Project.py:135 - Theme setup completed successfully
2025-04-18 01:25:02,624 - INFO - The-Project.py:3810 - Theme setup completed
2025-04-18 01:25:02,641 - INFO - The-Project.py:3833 - Created frame: home
2025-04-18 01:25:02,643 - INFO - The-Project.py:3833 - Created frame: add
2025-04-18 01:25:02,645 - INFO - The-Project.py:3833 - Created frame: view
2025-04-18 01:25:02,648 - INFO - The-Project.py:3833 - Created frame: manage
2025-04-18 01:25:02,650 - INFO - The-Project.py:3833 - Created frame: backup_restore
2025-04-18 01:25:02,652 - INFO - The-Project.py:3833 - Created frame: send_notification
2025-04-18 01:25:02,980 - INFO - The-Project.py:3853 - setup_home_page completed successfully
2025-04-18 01:25:03,091 - INFO - The-Project.py:3853 - setup_add_page completed successfully
2025-04-18 01:25:03,142 - INFO - The-Project.py:3853 - setup_view_page completed successfully
2025-04-18 01:25:03,166 - INFO - The-Project.py:3853 - setup_manage_installments_page completed successfully
2025-04-18 01:25:03,216 - INFO - The-Project.py:3853 - setup_backup_restore_page completed successfully
2025-04-18 01:25:03,238 - INFO - The-Project.py:3853 - setup_send_notification_page completed successfully
2025-04-18 01:25:03,239 - INFO - The-Project.py:3265 - Starting automatic installment check
2025-04-18 01:25:03,239 - INFO - The-Project.py:3397 - Notification thread started
2025-04-18 01:25:03,239 - INFO - The-Project.py:3283 - Checking notifications for 1 customers
2025-04-18 01:25:03,240 - INFO - The-Project.py:396 - Application starting...
2025-04-18 01:25:03,240 - INFO - The-Project.py:3385 - Notification check completed. Success: 0, Failed: 0, Skipped: 0
2025-04-18 01:26:11,194 - INFO - The-Project.py:715 - Backup created: backups\backup_20250418_012611.csv
2025-04-18 01:26:11,195 - INFO - The-Project.py:246 - Created customer directory: D:\installments project\customer_files\mohamed elzingy
2025-04-18 01:26:11,199 - INFO - The-Project.py:278 - Added file Screenshot2024-01-31050433-Copy.png for customer mohamed elzingy
2025-04-18 01:26:11,203 - INFO - The-Project.py:278 - Added file Screenshot2024-01-31050433.png for customer mohamed elzingy
2025-04-18 01:26:11,221 - INFO - The-Project.py:278 - Added file Screenshot2024-01-31050521.png for customer mohamed elzingy
2025-04-18 01:26:11,224 - INFO - The-Project.py:278 - Added file Screenshot2024-01-31050538.png for customer mohamed elzingy
2025-04-18 01:26:11,225 - INFO - The-Project.py:1004 - Successfully saved files for customer mohamed elzingy
2025-04-18 01:26:32,576 - INFO - The-Project.py:715 - Backup created: backups\backup_20250418_012632.csv
2025-04-18 01:29:22,740 - INFO - The-Project.py:356 - Starting application initialization...
2025-04-18 01:29:22,858 - INFO - The-Project.py:369 - Appearance mode set successfully
2025-04-18 01:29:22,859 - INFO - The-Project.py:381 - Window centered successfully
2025-04-18 01:29:22,860 - INFO - The-Project.py:135 - Theme setup completed successfully
2025-04-18 01:29:22,860 - INFO - The-Project.py:3833 - Theme setup completed
2025-04-18 01:29:22,877 - INFO - The-Project.py:3856 - Created frame: home
2025-04-18 01:29:22,879 - INFO - The-Project.py:3856 - Created frame: add
2025-04-18 01:29:22,882 - INFO - The-Project.py:3856 - Created frame: view
2025-04-18 01:29:22,885 - INFO - The-Project.py:3856 - Created frame: manage
2025-04-18 01:29:22,888 - INFO - The-Project.py:3856 - Created frame: backup_restore
2025-04-18 01:29:22,890 - INFO - The-Project.py:3856 - Created frame: send_notification
2025-04-18 01:29:23,274 - INFO - The-Project.py:3876 - setup_home_page completed successfully
2025-04-18 01:29:23,386 - INFO - The-Project.py:3876 - setup_add_page completed successfully
2025-04-18 01:29:23,431 - INFO - The-Project.py:3876 - setup_view_page completed successfully
2025-04-18 01:29:23,451 - INFO - The-Project.py:3876 - setup_manage_installments_page completed successfully
2025-04-18 01:29:23,496 - INFO - The-Project.py:3876 - setup_backup_restore_page completed successfully
2025-04-18 01:29:23,513 - INFO - The-Project.py:3876 - setup_send_notification_page completed successfully
2025-04-18 01:29:23,514 - INFO - The-Project.py:3288 - Starting automatic installment check
2025-04-18 01:29:23,514 - INFO - The-Project.py:3420 - Notification thread started
2025-04-18 01:29:23,514 - INFO - The-Project.py:3306 - Checking notifications for 2 customers
2025-04-18 01:29:23,514 - INFO - The-Project.py:396 - Application starting...
2025-04-18 01:29:23,515 - INFO - The-Project.py:3408 - Notification check completed. Success: 0, Failed: 0, Skipped: 0
2025-04-18 01:32:06,895 - INFO - The-Project.py:356 - Starting application initialization...
2025-04-18 01:32:07,014 - INFO - The-Project.py:369 - Appearance mode set successfully
2025-04-18 01:32:07,014 - INFO - The-Project.py:381 - Window centered successfully
2025-04-18 01:32:07,016 - INFO - The-Project.py:135 - Theme setup completed successfully
2025-04-18 01:32:07,016 - INFO - The-Project.py:3842 - Theme setup completed
2025-04-18 01:32:07,034 - INFO - The-Project.py:3865 - Created frame: home
2025-04-18 01:32:07,036 - INFO - The-Project.py:3865 - Created frame: add
2025-04-18 01:32:07,039 - INFO - The-Project.py:3865 - Created frame: view
2025-04-18 01:32:07,041 - INFO - The-Project.py:3865 - Created frame: manage
2025-04-18 01:32:07,043 - INFO - The-Project.py:3865 - Created frame: backup_restore
2025-04-18 01:32:07,045 - INFO - The-Project.py:3865 - Created frame: send_notification
2025-04-18 01:32:07,401 - INFO - The-Project.py:3885 - setup_home_page completed successfully
2025-04-18 01:32:07,508 - INFO - The-Project.py:3885 - setup_add_page completed successfully
2025-04-18 01:32:07,556 - INFO - The-Project.py:3885 - setup_view_page completed successfully
2025-04-18 01:32:07,578 - INFO - The-Project.py:3885 - setup_manage_installments_page completed successfully
2025-04-18 01:32:07,623 - INFO - The-Project.py:3885 - setup_backup_restore_page completed successfully
2025-04-18 01:32:07,640 - INFO - The-Project.py:3885 - setup_send_notification_page completed successfully
2025-04-18 01:32:07,641 - INFO - The-Project.py:3297 - Starting automatic installment check
2025-04-18 01:32:07,641 - INFO - The-Project.py:3429 - Notification thread started
2025-04-18 01:32:07,641 - INFO - The-Project.py:3315 - Checking notifications for 2 customers
2025-04-18 01:32:07,641 - INFO - The-Project.py:396 - Application starting...
2025-04-18 01:32:07,642 - INFO - The-Project.py:3417 - Notification check completed. Success: 0, Failed: 0, Skipped: 0
2025-04-18 01:32:34,656 - INFO - The-Project.py:715 - Backup created: backups\backup_20250418_013234.csv
2025-04-18 01:32:38,589 - INFO - The-Project.py:715 - Backup created: backups\backup_20250418_013238.csv
2025-04-18 01:32:42,475 - INFO - The-Project.py:715 - Backup created: backups\backup_20250418_013242.csv
2025-04-18 01:32:48,108 - INFO - The-Project.py:715 - Backup created: backups\backup_20250418_013248.csv
2025-04-18 01:32:54,564 - INFO - The-Project.py:715 - Backup created: backups\backup_20250418_013254.csv
2025-04-18 01:32:57,281 - INFO - The-Project.py:715 - Backup created: backups\backup_20250418_013257.csv
2025-04-18 01:35:55,985 - INFO - The-Project.py:356 - Starting application initialization...
2025-04-18 01:35:56,114 - INFO - The-Project.py:369 - Appearance mode set successfully
2025-04-18 01:35:56,115 - INFO - The-Project.py:381 - Window centered successfully
2025-04-18 01:35:56,116 - INFO - The-Project.py:135 - Theme setup completed successfully
2025-04-18 01:35:56,116 - INFO - The-Project.py:3875 - Theme setup completed
2025-04-18 01:35:56,136 - INFO - The-Project.py:3898 - Created frame: home
2025-04-18 01:35:56,139 - INFO - The-Project.py:3898 - Created frame: add
2025-04-18 01:35:56,141 - INFO - The-Project.py:3898 - Created frame: view
2025-04-18 01:35:56,144 - INFO - The-Project.py:3898 - Created frame: manage
2025-04-18 01:35:56,146 - INFO - The-Project.py:3898 - Created frame: backup_restore
2025-04-18 01:35:56,149 - INFO - The-Project.py:3898 - Created frame: send_notification
2025-04-18 01:35:56,568 - INFO - The-Project.py:3918 - setup_home_page completed successfully
2025-04-18 01:35:56,752 - INFO - The-Project.py:3918 - setup_add_page completed successfully
2025-04-18 01:35:56,817 - INFO - The-Project.py:3918 - setup_view_page completed successfully
2025-04-18 01:35:56,844 - INFO - The-Project.py:3918 - setup_manage_installments_page completed successfully
2025-04-18 01:35:56,893 - INFO - The-Project.py:3918 - setup_backup_restore_page completed successfully
2025-04-18 01:35:56,914 - INFO - The-Project.py:3918 - setup_send_notification_page completed successfully
2025-04-18 01:35:56,914 - INFO - The-Project.py:3330 - Starting automatic installment check
2025-04-18 01:35:56,915 - INFO - The-Project.py:3462 - Notification thread started
2025-04-18 01:35:56,915 - INFO - The-Project.py:396 - Application starting...
2025-04-18 01:35:56,915 - INFO - The-Project.py:3335 - No customer data found for notifications
2025-04-18 01:36:37,247 - INFO - The-Project.py:715 - Backup created: backups\backup_20250418_013637.csv
2025-04-18 01:36:37,248 - INFO - The-Project.py:246 - Created customer directory: D:\installments project\customer_files\Hassan Elsayed
2025-04-18 01:36:37,250 - INFO - The-Project.py:278 - Added file Screenshot2024-01-31050433-Copy.png for customer Hassan Elsayed
2025-04-18 01:36:37,252 - INFO - The-Project.py:278 - Added file Screenshot2024-01-31050433.png for customer Hassan Elsayed
2025-04-18 01:36:37,254 - INFO - The-Project.py:278 - Added file Screenshot2024-01-31050521.png for customer Hassan Elsayed
2025-04-18 01:36:37,257 - INFO - The-Project.py:278 - Added file Screenshot2024-01-31050538.png for customer Hassan Elsayed
2025-04-18 01:36:37,257 - INFO - The-Project.py:1004 - Successfully saved files for customer Hassan Elsayed
2025-04-18 01:37:01,307 - INFO - The-Project.py:715 - Backup created: backups\backup_20250418_013701.csv
2025-04-18 01:37:14,456 - INFO - The-Project.py:715 - Backup created: backups\backup_20250418_013714.csv
2025-04-18 01:37:14,458 - INFO - The-Project.py:715 - Backup created: backups\backup_20250418_013714.csv
2025-04-18 01:37:54,788 - INFO - The-Project.py:356 - Starting application initialization...
2025-04-18 01:37:54,908 - INFO - The-Project.py:369 - Appearance mode set successfully
2025-04-18 01:37:54,909 - INFO - The-Project.py:381 - Window centered successfully
2025-04-18 01:37:54,910 - INFO - The-Project.py:135 - Theme setup completed successfully
2025-04-18 01:37:54,910 - INFO - The-Project.py:3875 - Theme setup completed
2025-04-18 01:37:54,926 - INFO - The-Project.py:3898 - Created frame: home
2025-04-18 01:37:54,928 - INFO - The-Project.py:3898 - Created frame: add
2025-04-18 01:37:54,929 - INFO - The-Project.py:3898 - Created frame: view
2025-04-18 01:37:54,932 - INFO - The-Project.py:3898 - Created frame: manage
2025-04-18 01:37:54,934 - INFO - The-Project.py:3898 - Created frame: backup_restore
2025-04-18 01:37:54,936 - INFO - The-Project.py:3898 - Created frame: send_notification
2025-04-18 01:37:55,283 - INFO - The-Project.py:3918 - setup_home_page completed successfully
2025-04-18 01:37:55,392 - INFO - The-Project.py:3918 - setup_add_page completed successfully
2025-04-18 01:37:55,441 - INFO - The-Project.py:3918 - setup_view_page completed successfully
2025-04-18 01:37:55,463 - INFO - The-Project.py:3918 - setup_manage_installments_page completed successfully
2025-04-18 01:37:55,507 - INFO - The-Project.py:3918 - setup_backup_restore_page completed successfully
2025-04-18 01:37:55,524 - INFO - The-Project.py:3918 - setup_send_notification_page completed successfully
2025-04-18 01:37:55,525 - INFO - The-Project.py:3330 - Starting automatic installment check
2025-04-18 01:37:55,525 - INFO - The-Project.py:3462 - Notification thread started
2025-04-18 01:37:55,526 - INFO - The-Project.py:3348 - Checking notifications for 1 customers
2025-04-18 01:37:55,526 - INFO - The-Project.py:396 - Application starting...
2025-04-18 01:37:55,526 - INFO - The-Project.py:3385 - Found upcoming payment for Hassan Elsayed due in 0 days
2025-04-18 01:37:57,527 - INFO - The-Project.py:3411 - Attempt 1 to send notification to Hassan Elsayed at +201120530157
2025-04-18 01:38:23,047 - INFO - The-Project.py:715 - Backup created: backups\backup_20250418_013823.csv
2025-04-18 01:38:23,048 - INFO - The-Project.py:3426 - Automatic notification sent to Hassan Elsayed at +201120530157 for installment 2025-04-19
2025-04-18 01:38:23,049 - INFO - The-Project.py:3450 - Notification check completed. Success: 1, Failed: 0, Skipped: 0
2025-04-18 01:38:34,960 - INFO - The-Project.py:356 - Starting application initialization...
2025-04-18 01:38:35,116 - INFO - The-Project.py:369 - Appearance mode set successfully
2025-04-18 01:38:35,117 - INFO - The-Project.py:381 - Window centered successfully
2025-04-18 01:38:35,118 - INFO - The-Project.py:135 - Theme setup completed successfully
2025-04-18 01:38:35,119 - INFO - The-Project.py:3875 - Theme setup completed
2025-04-18 01:38:35,141 - INFO - The-Project.py:3898 - Created frame: home
2025-04-18 01:38:35,144 - INFO - The-Project.py:3898 - Created frame: add
2025-04-18 01:38:35,148 - INFO - The-Project.py:3898 - Created frame: view
2025-04-18 01:38:35,151 - INFO - The-Project.py:3898 - Created frame: manage
2025-04-18 01:38:35,154 - INFO - The-Project.py:3898 - Created frame: backup_restore
2025-04-18 01:38:35,157 - INFO - The-Project.py:3898 - Created frame: send_notification
2025-04-18 01:38:35,598 - INFO - The-Project.py:3918 - setup_home_page completed successfully
2025-04-18 01:38:35,725 - INFO - The-Project.py:3918 - setup_add_page completed successfully
2025-04-18 01:38:35,773 - INFO - The-Project.py:3918 - setup_view_page completed successfully
2025-04-18 01:38:35,796 - INFO - The-Project.py:3918 - setup_manage_installments_page completed successfully
2025-04-18 01:38:35,844 - INFO - The-Project.py:3918 - setup_backup_restore_page completed successfully
2025-04-18 01:38:35,864 - INFO - The-Project.py:3918 - setup_send_notification_page completed successfully
2025-04-18 01:38:35,864 - INFO - The-Project.py:3330 - Starting automatic installment check
2025-04-18 01:38:35,864 - INFO - The-Project.py:3462 - Notification thread started
2025-04-18 01:38:35,865 - INFO - The-Project.py:3348 - Checking notifications for 1 customers
2025-04-18 01:38:35,865 - INFO - The-Project.py:396 - Application starting...
2025-04-18 01:38:35,865 - INFO - The-Project.py:3450 - Notification check completed. Success: 0, Failed: 0, Skipped: 0
2025-04-18 01:41:15,466 - INFO - The-Project.py:356 - Starting application initialization...
2025-04-18 01:41:15,588 - INFO - The-Project.py:369 - Appearance mode set successfully
2025-04-18 01:41:15,589 - INFO - The-Project.py:381 - Window centered successfully
2025-04-18 01:41:15,590 - INFO - The-Project.py:135 - Theme setup completed successfully
2025-04-18 01:41:15,591 - INFO - The-Project.py:3878 - Theme setup completed
2025-04-18 01:41:15,609 - INFO - The-Project.py:3901 - Created frame: home
2025-04-18 01:41:15,611 - INFO - The-Project.py:3901 - Created frame: add
2025-04-18 01:41:15,614 - INFO - The-Project.py:3901 - Created frame: view
2025-04-18 01:41:15,617 - INFO - The-Project.py:3901 - Created frame: manage
2025-04-18 01:41:15,619 - INFO - The-Project.py:3901 - Created frame: backup_restore
2025-04-18 01:41:15,621 - INFO - The-Project.py:3901 - Created frame: send_notification
2025-04-18 01:41:15,976 - INFO - The-Project.py:3921 - setup_home_page completed successfully
2025-04-18 01:41:16,087 - INFO - The-Project.py:3921 - setup_add_page completed successfully
2025-04-18 01:41:16,133 - INFO - The-Project.py:3921 - setup_view_page completed successfully
2025-04-18 01:41:16,156 - INFO - The-Project.py:3921 - setup_manage_installments_page completed successfully
2025-04-18 01:41:16,201 - INFO - The-Project.py:3921 - setup_backup_restore_page completed successfully
2025-04-18 01:41:16,221 - INFO - The-Project.py:3921 - setup_send_notification_page completed successfully
2025-04-18 01:41:16,222 - INFO - The-Project.py:3330 - Starting automatic installment check
2025-04-18 01:41:16,222 - INFO - The-Project.py:3465 - Notification thread started
2025-04-18 01:41:16,223 - INFO - The-Project.py:3348 - Checking notifications for 1 customers
2025-04-18 01:41:16,223 - INFO - The-Project.py:396 - Application starting...
2025-04-18 01:41:16,223 - INFO - The-Project.py:3453 - Notification check completed. Success: 0, Failed: 0, Skipped: 0
2025-04-18 01:41:42,213 - INFO - The-Project.py:715 - Backup created: backups\backup_20250418_014142.csv
2025-04-18 01:41:42,214 - INFO - The-Project.py:246 - Created customer directory: D:\installments project\customer_files\mohamed abdelfatah
2025-04-18 01:41:42,217 - INFO - The-Project.py:278 - Added file Screenshot2024-12-23191215-Copy.png for customer mohamed abdelfatah
2025-04-18 01:41:42,221 - INFO - The-Project.py:278 - Added file Screenshot2024-12-23191215.png for customer mohamed abdelfatah
2025-04-18 01:41:42,224 - INFO - The-Project.py:278 - Added file Screenshot2024-12-23201527.png for customer mohamed abdelfatah
2025-04-18 01:41:42,224 - INFO - The-Project.py:1004 - Successfully saved files for customer mohamed abdelfatah
2025-04-18 01:41:56,112 - INFO - The-Project.py:356 - Starting application initialization...
2025-04-18 01:41:56,241 - INFO - The-Project.py:369 - Appearance mode set successfully
2025-04-18 01:41:56,242 - INFO - The-Project.py:381 - Window centered successfully
2025-04-18 01:41:56,243 - INFO - The-Project.py:135 - Theme setup completed successfully
2025-04-18 01:41:56,244 - INFO - The-Project.py:3878 - Theme setup completed
2025-04-18 01:41:56,263 - INFO - The-Project.py:3901 - Created frame: home
2025-04-18 01:41:56,267 - INFO - The-Project.py:3901 - Created frame: add
2025-04-18 01:41:56,269 - INFO - The-Project.py:3901 - Created frame: view
2025-04-18 01:41:56,273 - INFO - The-Project.py:3901 - Created frame: manage
2025-04-18 01:41:56,276 - INFO - The-Project.py:3901 - Created frame: backup_restore
2025-04-18 01:41:56,278 - INFO - The-Project.py:3901 - Created frame: send_notification
2025-04-18 01:41:56,652 - INFO - The-Project.py:3921 - setup_home_page completed successfully
2025-04-18 01:41:56,768 - INFO - The-Project.py:3921 - setup_add_page completed successfully
2025-04-18 01:41:56,821 - INFO - The-Project.py:3921 - setup_view_page completed successfully
2025-04-18 01:41:56,850 - INFO - The-Project.py:3921 - setup_manage_installments_page completed successfully
2025-04-18 01:41:56,899 - INFO - The-Project.py:3921 - setup_backup_restore_page completed successfully
2025-04-18 01:41:56,919 - INFO - The-Project.py:3921 - setup_send_notification_page completed successfully
2025-04-18 01:41:56,920 - INFO - The-Project.py:3330 - Starting automatic installment check
2025-04-18 01:41:56,920 - INFO - The-Project.py:3465 - Notification thread started
2025-04-18 01:41:56,920 - INFO - The-Project.py:3348 - Checking notifications for 2 customers
2025-04-18 01:41:56,920 - INFO - The-Project.py:396 - Application starting...
2025-04-18 01:41:56,921 - INFO - The-Project.py:3385 - Found upcoming payment for mohamed abdelfatah due in 0 days
2025-04-18 01:41:58,922 - INFO - The-Project.py:3411 - Attempt 1 to send notification to mohamed abdelfatah at +201120530157
2025-04-18 01:42:54,446 - INFO - The-Project.py:715 - Backup created: backups\backup_20250418_014254.csv
2025-04-18 01:42:54,447 - INFO - The-Project.py:3429 - Automatic notification sent to mohamed abdelfatah at +201120530157 for installment 2025-04-19
2025-04-18 01:42:54,447 - INFO - The-Project.py:3453 - Notification check completed. Success: 1, Failed: 0, Skipped: 0
2025-04-18 01:43:15,296 - INFO - The-Project.py:715 - Backup created: backups\backup_20250418_014315.csv
